device_name,company,medical_specialty,approval_year
BriefCase-Triage,"Aidoc Medical, Ltd.",Radiology,2025
Swoop® Portable MR Imaging® System (V2),"Hyperfine, Inc.",Radiology,2025
Opulus Lymphoma Precision,"Roche Molecular Systems, Inc.",Radiology,2025
AudaxCeph Cephalogram Analysis Software,Audax d.o.o.,Radiology,2025
LensHooke X3 PRO Semen Quality Analyzer; LensHooke X3 PRO SE Semen Quality Analyzer,"Bonraybio Co., LTD.",Hematology,2025
Allix5,"Clairity, Inc.",Radiology,2025
Voluson Performance 16; Voluson Performance 18,GE Medical Systems Ultrasound and Primary care Diagnostics,Radiology,2025
Rapid MLS,iSchemaview Inc.,Radiology,2025
TAIMedImg DeepMets,"Taiwan Medical Imaging Co., Ltd.",Radiology,2025
CoLumboX,Smart Soft Healthcare AD,Radiology,2025
DeepRhythmAI,Medicalgorithmics S.A.,Cardiovascular,2025
Clever One,"Ewoosoft Co., Ltd",Radiology,2025
Second Opinion® 3D,"Pearl, Inc.",Radiology,2025
Accuro 3S,"Rivanna Medical, Inc.",Radiology,2025
DEEPECHO,DeepEcho,Radiology,2025
Swoop® Portable MR Imaging® System,"Hyperfine, Inc.",Radiology,2025
InVision Precision Cardiac Amyloid,InVision Medical Technology Corporation,Cardiovascular,2025
EPIQ Series Diagnostic Ultrasound System; Affiniti Series Diagnostic Ultrasound System,Philips Ultrasound LLC,Radiology,2025
Synapse 3D Base Tools (V7.0),FUJIFILM Corporation,Radiology,2025
uMR Omega,"Shanghai United Imaging Healthcare Co., Ltd.",Radiology,2025
SCENARIA View Phase 5.0,FUJIFILM Corporation,Radiology,2025
uCT ATLAS Astound with uWS-CT-Dual Energy Analysis; uCT ATLAS with uWS-CT-Dual Energy Analysis,"Shanghai United Imaging Healthcare Co.,Ltd.",Radiology,2025
6450 Ultrasound System (MyLabE80); 6450 Ultrasound System (MyLabE85),Esaote S.p.A.,Radiology,2025
InferRead Lung CT.AI,"Infervision Medical Technology Co., Ltd.",Radiology,2025
OTS Hip,Ortoma AB,Neurology,2025
Medical Image Post-processing Software (uOmnispace.CT),"Shanghai United Imaging Healthcare Co., Ltd.",Radiology,2025
Smile Dx®,"Cube Click, Inc.",Radiology,2025
SKOUT system,Iterative Health,Gastroenterology-Urology,2025
EPIQ Series Diagnostic Ultrasound Systems; Affiniti Series Diagnostic Ultrasound Systems,Philips Ultrasound LLC,Radiology,2025
Volta AF-Xplorer,Volta Medical,Cardiovascular,2025
Second Opinion® BLE,Pearl Inc.,Radiology,2025
LensHooke X12 PRO Semen Analysis System,"Bonraybio Co., LTD.",Hematology,2025
Clarius Median Nerve AI,Clarius Mobile Health Corp.,Radiology,2025
BrightHeart View Classifier,BrightHeart,Radiology,2025
Second Opinion® Pediatric,"Pearl, Inc.",Radiology,2025
Fetal EchoScan (v1.1),BrightHeart,Radiology,2025
AT-Patch (ATP-C130/ATP-C70),"ATsens Co.,Ltd.",Cardiovascular,2025
Vscan Air,GE Medical Systems Ultrasound and Primary Care Diagnostics,Radiology,2025
UltraExtend NX CUW-U001S V2.0 Ultrasound Image Analysis Program,Canon Medical Systems Corporation,Radiology,2025
uAngio AVIVA CX,"Shanghai United Imaging Healthcare Co.,Ltd.",Radiology,2025
Lung AI (LAI001),Exo Inc,Radiology,2025
Annalise Enterprise,Annalise-AI,Radiology,2025
VersaViewer,GE Medical Systems SCS,Radiology,2025
CLARUS (700),"Carl Zeiss Meditec, Inc.",Ophthalmic,2025
VitalRhythm,"VitalConnect, Inc.",Cardiovascular,2025
Clarius Prostate AI,Clarius Mobile Health Corp.,Radiology,2025
LARALAB,LARALAB GmbH,Radiology,2025
SpotLight / SpotLight Duo with Low Dose Lung Cancer Screening Option,Arineta Ltd.,Radiology,2025
Canvas Dx,"Cognoa, Inc.",Neurology,2025
Oncospace,"Oncospace, Inc.",Radiology,2025
Second Opinion Periapical Radiolucency Contours,Pearl Inc.,Radiology,2025
GBrain MRI,"Galileo CDS, Inc",Radiology,2025
cmAngio® (V1.6),"CureMetrix, Inc.",Radiology,2025
syngo.CT LVO Detection,"Siemens Medical Solutions USA, Inc.",Radiology,2025
autoSCORE (V 2.0.0),Holberg EEG AS,Neurology,2025
BunkerHill BMD,BunkerHill Health,Radiology,2025
Tyto Insights for Rhonchi Detection,Tyto Care Ltd.,Anesthesiology,2025
"RayStation 2023B, RayPlan 2023B, RayStation 2024A, RayPlan 2024A, RayStation 2024A SP3, RayPlan 2024A SP3",RaySearch Laboratories AB (publ),Radiology,2025
QFR (3.0),QFR Solutions bv,Radiology,2025
HeartFocus (V.1.1.1),Deski,Radiology,2025
DeepFoqus (DeepFoqus-Accelerate),Foqus Technologies Inc.,Radiology,2025
syngo Dynamics (Version VA41D),Siemens Healthcare GmbH,Radiology,2025
Hi-D Imaging 4TAVR,Hi-D Imaging AG,Radiology,2025
MR Contour DL,GE HealthCare,Radiology,2025
TribusConnect,TribusMed Beheer BV,Radiology,2025
AI-Rad Companion Organs RT,Siemens Healthcare GmbH,Radiology,2025
Salix Central,Artrya Limited,Radiology,2025
V5med Lung AI,V5med Inc.,Radiology,2025
EarliPoint System,EarliTec Diagnostics,Neurology,2025
Rayvolve LN,AZmed,Radiology,2025
Rayvolve PTX-PE,AZmed,Radiology,2025
GoLIF! Lumbar Interbody Fusion System,"GetSet Surgical, SA",Orthopedic,2025
brAIn Shoulder Positioning,Avatar Medical,Radiology,2025
Vent Creativity Knee v1.0 (Hermes),Vent Creativity,Radiology,2025
PeekMed web,"Peek Health, S.A.",Radiology,2025
AVIEW,"Coreline Soft Co., Ltd.",Radiology,2025
QP-Prostate® CAD,Quibim S.L.,Radiology,2025
SIGNA Prime Elite,"GE Medical Systems, LLC",Radiology,2025
LVivo Software Application,DiA Imaging Analysis Ltd.,Radiology,2025
DeepRESP,Nox Medical ehf,Neurology,2025
One-Fil Putty,"MEDICLUS CO., LTD.",Dental,2025
xvision Spine system,Augmedics Ltd.,Neurology,2025
Better Diagnostics Caries Assist (BDCA) Version 1.0,Better Diagnostics AI Corp,Radiology,2025
Cleerly LABS (v2.0),"Cleerly, Inc.",Radiology,2025
LVivo Seamless,DiA Imaging Analysis Ltd.,Radiology,2025
Prostate MR AI (VA10A),Siemens Healthcare GmbH,Radiology,2025
Ceevra Reveal 3+,"Ceevra, Inc.",Radiology,2025
JLK-SDH,"JLK, Inc.",Radiology,2025
Airmod,Heroic Faith International Ltd.,Anesthesiology,2025
Myomics,Phantomics Inc.,Radiology,2025
ChestView US,Gleamer SAS,Radiology,2025
Ventripoint Medical System Plus (VMS+) 4.0,Ventripoint Diagnostics Ltd.,Radiology,2025
aiCockpit AI Viewer,"Fovia, Inc.",Radiology,2025
3DXR,GE Medical Systems SCS,Radiology,2025
Loss of Pulse Detection,Fitbit,Cardiovascular,2025
ART-Plan+ (v.3.0.0),Therapanacea SAS,Radiology,2025
OncoStudio (OS-01),"OncoSoft. Co., Ltd.",Radiology,2025
Sonio Suspect,Sonio,Radiology,2025
QuickRad,Aikenist Technologies Pvt Ltd,Radiology,2025
ScanDiags Ortho L-Spine MR-Q,ScanDiags AG,Radiology,2025
CaRi-Plaque,Caristo Diagnostics Ltd.,Radiology,2025
Falcon HST,Compumedics Limited,Neurology,2025
EFAI Chestsuite XR Malpositioned ETT Assessment System (ETT-XR-100),"Ever Fortune.AI, Co., Ltd.",Radiology,2025
Brainomix 360 e-ASPECTS,Brainomix Limited,Radiology,2025
AVIEW CAC,"Coreline Soft Co., Ltd.",Radiology,2025
NAEOTOM Alpha.Peak/ NAEOTOM Alpha; NAEOTOM Alpha.Pro; NAEOTOM Alpha.Prime,"Siemens Medical Solutions USA, Inc.",Radiology,2025
V8 Diagnostic Ultrasound System; cV8 Diagnostic Ultrasound System; V7 Diagnostic Ultrasound System; cV7 Diagnostic Ultrasound System; V6 Diagnostic Ultrasound System; cV6 Diagnostic Ultrasound System,"Samsung Medison Co., Ltd.",Radiology,2025
SubtleHD (1.x),"Subtle Medical, Inc.",Radiology,2025
Vivid iq,GE Medical Systems Ultrasound and Primary Care Diagnostics,Radiology,2025
Vivid T9/Vivid T8,GE Medical Systems Ultrasound and Primary Care Diagnostics,Radiology,2025
Ultrasound Workspace (UWS 6.0),Philips Ultrasound LLC,Radiology,2025
BoneMetrics (US),Gleamer SAS,Radiology,2025
TipTraQ (TTQ001),PranaQ Pte. Ltd.,Anesthesiology,2025
Contour ProtégéAI+,MIM Software Inc.,Radiology,2025
MyShoulder Planner (5.3SSWPL),Medacta International S.A.,Orthopedic,2025
Co-Ablation System with Sterile Co-Ablation Probe,"Hygea Medical Technology Co., Ltd.",General and Plastic Surgery,2025
SANSA HSAT,Huxley Medical,Anesthesiology,2025
Bunkerhill AVC,BunkerHill Health,Radiology,2025
MAGENTIQ-COLO (ME-APDS),Magentiq Eye LTD,Gastroenterology-Urology,2025
ClearPoint System (Software Version 3.0),"ClearPoint Neuro, Inc.",Neurology,2025
Galen Second Read,Ibex Medical Analytics Ltd.,Pathology,2025
TeraRecon Aorta.CT (1.1.0),"TeraRecon, Inc.",Radiology,2025
Rapid Neuro3D,"iSchemaView, Inc.",Radiology,2025
Precision AI Surgical Planning System (PAI-SPS),Precision AI Pty Ltd,Orthopedic,2025
Digital Color Doppler Ultrasound System (P60 Series),Sonoscape Medical Corp.,Radiology,2025
TechCare Trauma,Milvue,Radiology,2025
Prenuvo Body Composition,Prenuvo,Radiology,2025
Second Opinion CC,Pearl Inc.,Radiology,2025
Cardiac Guidance,"Caption Health, Inc.",Radiology,2025
uCT 550,"Shanghai United Imaging Healthcare Co., Ltd.",Radiology,2025
SpotLight/SpotLight Duo with Low Dose Lung Cancer Screening Option,Arineta Ltd.,Radiology,2025
ARVIS® Shoulder,Kico Knee Innovation Company Pty Ltd,Neurology,2025
TriVerity,"Inflammatix, Inc.",Microbiology,2025
ScreenDx,"Imvaria, Inc",Radiology,2025
PeriCALM Patterns 3.0,"PeriGen, Inc.",Obstetrics and Gynecology,2025
uCT 780,"Shanghai United Imaging Healthcare Co., Ltd.",Radiology,2025
"Vantage Galan 3T, MRT-3020, V10.0 with AiCE Reconstruction Processing Unit for MR",Canon Medical Systems Corporation,Radiology,2025
TMINI Miniature Robotic System,"THINK Surgical, Inc.",Neurology,2025
Soteria E-View,"Omega Medical Imaging, LLC",Radiology,2025
Brainomix 360 e-CTA,Brainomix Limited,Radiology,2025
Clarify DL,"GE Medical Systems Israel, Functional Imaging",Radiology,2025
JLK-ICH,"JLK, Inc.",Radiology,2025
Ezra Flash,"Ezra AI, Inc.",Radiology,2025
Ortho AI,Ortho AI LLC,Radiology,2025
FLASH EVD System (10-0002),7D Surgical ULC,Neurology,2024
Aquilion ONE (TSX-308A/3) V1.5,Canon Medical Systems Corporation,Radiology,2024
Lightning Viewer,Nexsys Electronics Inc. dba Medweb,Radiology,2024
Voluson Expert 18; Voluson Expert 20; Voluson Expert 22,GE Medical Systems Ultrasound and Primary care Diagnostics,Radiology,2024
Saige-Density (2.5.0),"DeepHealth, Inc",Radiology,2024
Saige-Dx (3.1.0),"DeepHealth, Inc.",Radiology,2024
IQ-UIP,"Imbio, Inc.",Radiology,2024
OrthoNext Platform System,Orthofix Srl,Radiology,2024
MSKai,MSKai,Radiology,2024
uMI Panvivo (uMI Panvivo); uMI Panvivo (uMI Panvivo S),"Shanghai United Imaging Healthcare Co.,Ltd.",Radiology,2024
EPIQ Series Diagnostic Ultrasound System; Affiniti Series Diagnostic Ultrasound System,Philips Ultrasound LLC,Radiology,2024
BriefCase-Triage,"Aidoc Medical, Ltd.",Radiology,2024
IRISeg,Intuitive Surgical Inc.,Radiology,2024
"V5 Diagnostic Ultrasound System, H5 Diagnostic Ultrasound System, XV5 Diagnostic Ultrasound System, XH5 Diagnostic Ultrasound System, V4 Diagnostic Ultrasound System, H4 Diagnostic Ultrasound System, XV4 Diagnostic Ultrasound System, XH4 Diagnostic Ultrasound System","Samsung Medison Co., Ltd.",Radiology,2024
AutoContour (Model RADAC V4),"Radformation, Inc.",Radiology,2024
PeekMed web,"Peek Health, S.A.",Radiology,2024
EFAI Neurosuite CT Midline Shift Assessment System (MLS-CT-100),"Ever Fortune.AI, Co., Ltd.",Radiology,2024
DrAid for Liver Segmentation,VinBrain Joint Stock Company,Radiology,2024
CDM Insights,Oxford Brain Diagnostics Ltd,Radiology,2024
DeepRhythmAI,Medicalgorithmics S.A.,Cardiovascular,2024
ClearRead CT CAC,"Riverain Technologies, Inc.",Radiology,2024
HERA W10 Diagnostic Ultrasound System; HERA W9 Diagnostic Ultrasound System,"Samsung Medison Co., Ltd.",Radiology,2024
Sonix Health,"Ontact Health Co., Ltd",Radiology,2024
NeuroMatch,LVIS Corporation,Neurology,2024
Transpara (2.1.0),ScreenPoint Medical B.V.,Radiology,2024
Dreem 3S,"Beacon Biosignals, Inc.",Neurology,2024
BriefCase-Quantification,"Aidoc Medical, Ltd.",Radiology,2024
Strain AI (SAI001),Exo Inc,Radiology,2024
ACUSON Sequoia Diagnostic Ultrasound System; ACUSON Sequoia Select Diagnostic Ultrasound System; ACUSON Origin Diagnostic Ultrasound System; ACUSON Origin ICE Diagnostic Ultrasound System,"Siemens Medical Solutions USA, Inc.",Radiology,2024
Saige-Dx,"DeepHealth, Inc",Radiology,2024
Informed Vital Core Application (IVC App),"Mindset Medical, Inc.",Cardiovascular,2024
VUNO Med-Chest X-ray Triage/VUNO Med-CXR Link Triage,Vuno Inc.,Radiology,2024
1CMR Pro,Mycardium AI Limited,Radiology,2024
EchoGo Amyloidosis (1.0),Ultromics Limited,Cardiovascular,2024
The 5000 Compact Series Ultrasound Systems,Philips Ultrasound LLC,Radiology,2024
Koios DS,"Koios Medical, Inc.",Radiology,2024
Fetal EchoScan,BrightHeart,Radiology,2024
ProFound Detection (V4.0),"iCAD, Inc.",Radiology,2024
NeuroICH,Neurocareai Inc.,Radiology,2024
icobrain aria,icometrix NV,Radiology,2024
TeraRecon Cardiac.Chambers.MR (1.0.0),"TeraRecon,Inc.",Radiology,2024
RemedyLogic AI MRI Lumbar Spine Reader,Remedy Logic Inc.,Radiology,2024
TumorSight Viz,"SimBioSys, Inc.",Radiology,2024
Neurophet AQUA (V3.1),"Neurophet, Inc.",Radiology,2024
nordicMEDiVA,NordicNeurolab AS,Radiology,2024
Contour+ (MVision AI Segmentation),MVision AI Oy,Radiology,2024
REMI-AI Rapid Detection Module (REMI-AI RDM),"Epitel, Inc",Neurology,2024
SIGNA MAGNUS,"GE Medical Systems, LLC",Radiology,2024
xvision Spine System,Augmedics Ltd.,Neurology,2024
cvi42 Software Application,Circle Cardiovascular Imaging Inc.,Radiology,2024
"HERA Z20, R20, HERA Z30, R30 Diagnostic Ultrasound System","Samsung Medison Co., Ltd.",Radiology,2024
EchoMeasure,iCardio.ai,Radiology,2024
Limbus Contour,Limbus AI Inc.,Radiology,2024
EPIQ Series Diagnostic Ultrasound System,Philips Ultrasound LLC,Radiology,2024
SpineUs System,Verdure Imaging,Radiology,2024
LVivo Software Application,DiA Imaging Analysis Ltd.,Radiology,2024
Lunit INSIGHT DBT v1.1,Lunit Inc.,Radiology,2024
EchoSolv AS,Echo IQ Ltd,Radiology,2024
MammoScreen BD,Therapixel,Radiology,2024
Versana Premier; Versana Premier Lotus; LOGIQ F,GE Medical Systems Ultrasound and Primary Care Diagnostics,Radiology,2024
LungVision,BodyVision Medical Ltd.,Radiology,2024
MuscleView,"Springbok, Inc.",Radiology,2024
JBS-LVO,"JLK, Inc.",Radiology,2024
CAC (gated) Algorithm,BunkerHill Health,Radiology,2024
encevis (2.1),AIT Austrian Institute of Technology GmbH,Neurology,2024
uAI Easy Triage ICH,"Shanghai United Imaging Intelligence Co., Ltd.",Radiology,2024
MAMMOMAT B.brilliant with Tomosynthesis Option,"SIEMENS MEDICAL SOLUTIONS USA, INC.",Radiology,2024
EchoGo Heart Failure (2.0),Ultromics Limited,Cardiovascular,2024
PIUR tUS Infinity,PIUR Imaging GmbH,Radiology,2024
Sleep Apnea Notification Feature (SANF),Apple Inc.,Anesthesiology,2024
"Aplio i900/i800/i700 Diagnostic Ultrasound System, Software V7.0 (TUS-AI900, TUS-AI800, TUS-AI700)",Canon Medical Systems Corporation,Radiology,2024
Constellation (CON-001),"Q Bio, Inc.",Radiology,2024
CINA-CSpine,Avicenna.AI,Radiology,2024
FETOLY-HEART,Diagnoly,Radiology,2024
LumiNE US; Lumi,Augmedit B.V.,Radiology,2024
Overjet Image Enhancement Assist,Overjet Inc,Radiology,2024
ADAS 3D,Adas3D Medical S.L,Radiology,2024
"See-Mode Augmented Reporting Tool, Thyroid (SMART-T)",See-Mode Technologies Pte. Ltd.,Radiology,2024
uAI Portal,"Shanghai United Imaging Intelligence Co., Ltd.",Radiology,2024
TRAQinform IQ,"AIQ Global, Inc.",Radiology,2024
Velacur,Sonic Incytes,Radiology,2024
Velmeni for Dentists (V4D),Velmeni Inc.,Radiology,2024
Imbio PHA (4.0.0),"Imbio, Inc",Radiology,2024
uMI Panorama,"Shanghai United Imaging Healthcare Co.,Ltd.",Radiology,2024
MI View&GO,"Siemens Medical Solutions USA, Inc.",Radiology,2024
syngo.via MI Workflows; Scenium; syngo MBF,"Siemens Medical Solutions USA, Inc.",Radiology,2024
Kosmos,"EchoNous, Inc.",Radiology,2024
Overjet Charting Assist,"Overjet, Inc",Radiology,2024
NeuroQuant,"CorTechs Labs, Inc.",Radiology,2024
AiMIFY (1.x),"Subtle Medical, Inc.",Radiology,2024
HYDROS Robotic System; HYDROS TRUS Probe; HYDROS Handpiece,Procept BioRobotics,General and Plastic Surgery,2024
"Vantage Galan 3T, MRT-3020, V10.0 with AiCE Reconstruction Processing Unit for MR",Canon Medical Systems Corporation,Radiology,2024
HealthCCSng,Nano-X AI Ltd.,Radiology,2024
HeartKey® Rhythm,B-Secur Limited,Cardiovascular,2024
qCT LN Quant,Qure.ai Technologies,Radiology,2024
CoLumbo,Smart Soft Healthcare,Radiology,2024
uMI Panvivo,"Shanghai United Imaging Healthcare Co., Ltd.",Radiology,2024
ECHELON Synergy MRI System,FUJIFILM Healthcare Corporation,Radiology,2024
OptimMRI (v2),"Rebrain, SAS",Radiology,2024
Omni Legend,"GE Medical Systems Israel, Functional Imaging",Radiology,2024
i2Contour,MRIMath LLC,Radiology,2024
AI Platform 2.0 (AIP002),Exo Imaging,Radiology,2024
Precision AI Surgical Planning System (PAI-SPS),Precision AI Pty Ltd,Orthopedic,2024
Acumen Assisted Fluid Management (AFM) Software Feature,"Edwards Lifesciences, LLC",Cardiovascular,2024
AISAP Cardio V1.0,Aisap,Radiology,2024
MammoScreen® (3),Therapixel,Radiology,2024
CardIQ Suite,GE Medical Systems SCS,Radiology,2024
GI Genius Module 100 (GGM100.US); GI Genius Module 200 (GGM200.US); ColonPRO 4.0 (CPRO40.US); GI Genius Module 300 (GGM300-US); ColonPRO 4.0 (CPRO40S-US),Cosmo Artificial Intelligence - AI Ltd,Gastroenterology-Urology,2024
CADDIE,Odin Medical Limited,Gastroenterology-Urology,2024
"ACUSON Sequoia Diagnostic Ultrasound System, ACUSON Sequoia Select Diagnostic Ultrasound System, ACUSON Origin Diagnostic Ultrasound System, ACUSON Origin ICE  Diagnostic Ultrasound System","Siemens Medical Solutions, USA, Inc.",Radiology,2024
MICSI-RMT,"Microstructure Imaging, Inc.",Radiology,2024
Rayvolve,AZmed SAS,Radiology,2024
Swoop® Portable MR Imaging® System,"Hyperfine, Inc.",Radiology,2024
Huxley SANSA Home Sleep Apnea Test (1000-00),Huxley Medical,Anesthesiology,2024
RUS,Hutom Inc.,Radiology,2024
Acorn 3D Software (AC-SEG-4009); Acorn 3DP Model (AC-101-XX),Mighty Oak Medical,Radiology,2024
SubtleSYNTH (1.x),"Subtle Medical, Inc.",Radiology,2024
SKOUT® system,"Iterative Scopes, Inc.",Gastroenterology-Urology,2024
SMART Bun-Yo-Matic X-Ray,Disior Ltd,Radiology,2024
Tyto Insights for Crackles Detection,Tyto Care Ltd.,Anesthesiology,2024
Hyper Insight - ICH,SK Inc.,Radiology,2024
VEA Align; spineEOS,EOS imaging,Radiology,2024
eCARTv5 Clinical Deterioration Suite (eCART),"AgileMD, Inc.",Cardiovascular,2024
O-arm O2 Imaging System,"Medtronic Navigation, Inc",Radiology,2024
Tempus ECG-AF,"Tempus AI, Inc.",Cardiovascular,2024
Medihub Prostate,JLK Inc.,Radiology,2024
"V8/XV8/XH8, V7/XV7/XH7, V6/XV6/XH6 Diagnostic Ultrasound System","Samsung Medison Co., Ltd.",Radiology,2024
SMART Bun-Yo-Matic CT,Disior Ltd,Radiology,2024
Clarius OB AI,Clarius Mobile Health Corp.,Radiology,2024
SIS System,"Surgical Information Sciences, Inc.",Radiology,2024
Relu Creator,Relu BV,Radiology,2024
Radiography 7300 C,Philips Medical Systems DMC GmbH,Radiology,2024
RS85 Diagnostic Ultrasound System,"Samsung Medison Co., Ltd.",Radiology,2024
Impala,"AliveCor, Inc.",Cardiovascular,2024
Corvair,"AliveCor, Inc.",Cardiovascular,2024
EFAI Bonesuite XR Bone Age Pro Assessment System (BAP-XR-100),"Ever Fortune.AI Co., Ltd.",Radiology,2024
Cardiac CT Function Software Application,Circle Cardiovascular Imaging,Radiology,2024
CINA-VCF,Avicenna.AI,Radiology,2024
uPMR 790,"Shanghai United Imaging Healthcare Co., Ltd.",Radiology,2024
LVivo IQS,DiA Imaging Analysis Ltd.,Radiology,2024
VinDr-Mammo,VinBigData Joint Stock Company,Radiology,2024
Syngo Carbon Enterprise Access (VA40A),Siemens Healthcare GmbH,Radiology,2024
YSIO X.pree,Siemens Medical Solutions,Radiology,2024
DentalMonitoring,Dental Monitoring SAS,Dental,2024
uOmnispace.CT,"Shanghai United Imaging Healthcare Co., Ltd.",Radiology,2024
RAYDENT SW,"RAY Co., Ltd.",Dental,2024
Heuron ICH,"Heuron Co., Ltd.",Radiology,2024
Notal Vision Home Optical Coherence Tomography (OCT) System,Notal Vision Inc,Ophthalmic,2024
SmartChest,Milvue,Radiology,2024
DeepContour (V1.0),"Wisdom Technologies., Inc.",Radiology,2024
ASSURE Wearable ECG,"Kestra Medical Technologies, Inc.",Cardiovascular,2024
CT 5300,"Philips Healthcare (Suzhou) Co., Ltd.",Radiology,2024
AUTION EYE AI-4510 Urine Particle Analysis System,Arkray Inc.,Hematology,2024
ECHELON Synergy V10.0,Fujifilm Healthcare Americas Corporation,Radiology,2024
Ethos Treatment Management (3.0); Ethos Treatment Planning (2.0),Varian Medical Systems Inc.,Radiology,2024
ARVIS® Shoulder,"Insight Medical Systems, Inc.",Neurology,2024
syngo.via RT Image Suite,"Siemens Medical Solutions USA, Inc.",Radiology,2024
Sonio Detect,Sonio,Radiology,2024
uMR Jupiter,"Shanghai United Imaging Healthcare Co., Ltd",Radiology,2024
InVision Precision LVEF (LVEF),InVision Medical Technology Corporation,Radiology,2024
EPIQ Series Diagnostic Ultrasound Systems; Affiniti Series Diagnostic Ultrasound Systems,Philips Ultrasound LLC,Radiology,2024
AEYE-DS,AEYE Health Inc.,Ophthalmic,2024
ART-Plan (v.2.2.0),Therapanacea SAS,Radiology,2024
Rapid,iSchema View Inc.,Radiology,2024
uOmnispace.MR,"Shanghai United Imaging Healthcare Co., Ltd.",Radiology,2024
VisAble.IO,Techsomed,Radiology,2024
"Vantage Fortian/Orian 1.5T, MRT-1550, V9.0 with AiCE Reconstruction Processing Unit for MR",Canon Medical Systems Corporation,Radiology,2024
True Enhance DL,GE Healthcare Japan Corporation,Radiology,2024
uMR 680,"Shanghai United Imaging Healthcare Co., Ltd.",Radiology,2024
Rho,16 Bit Inc,Radiology,2024
EFAI CARDIOSUITE CTA ACUTE AORTIC SYNDROME ASSESSMENT SYSTEM,"Ever Fortune.AI, Co., Ltd.",Radiology,2024
APPRAISE-HRI,"The Surgeon General, Department of the Army (TSG-DA)",Cardiovascular,2024
CorVista System with PH Add-On,"Analytics for Life, Inc.",Cardiovascular,2024
Preview Shoulder,Genesis Software Innovations,Radiology,2024
Oxevision Sleep Device,Oxehealth Limited,Neurology,2024
AI-Rad Companion Organs RT,Siemens Medical Solutions U.S.A.,Radiology,2024
Sepsis ImmunoScore,"Prenosis, Inc.",General Hospital,2024
Aquilion ONE (TSX-308A/3) V1.4 with PIQE Reconstruction System,Canon Medical Systems Corporation,Radiology,2024
Us2.v2,Eko.ai Pte. Ltd d/b/a Us2.ai,Radiology,2024
AVIEW CAC,"Coreline Soft Co., Ltd.",Radiology,2024
NAEOTOM Alpha,"Siemens Medical Solutions USA, Inc.",Radiology,2024
Eko Low Ejection Fraction Tool (ELEFT),"Eko Health, Inc.",Cardiovascular,2024
SOMATOM go.Up; SOMATOM go.Now; SOMATOM go.All; SOMATOM go.Top; SOMATOM go.Sim; SOMATOM go.Open Pro; SOMATOM X.cite; SOMATOM X.ceed,"Siemens Medical Solutions USA, Inc.",Radiology,2024
uMR Omega,"Shanghai United Imaging Healthcare Co., Ltd.",Radiology,2024
syngo.CT Brain Hemorrhage,"Siemens Medical Solutions USA, Inc.",Radiology,2024
MAGNETOM Terra; MAGNETOM Terra.X,"Siemens Medical Solutions USA, Inc.",Radiology,2024
AI-Rad Companion (Pulmonary),Siemens Healthcare GmbH,Radiology,2024
Automatic Registration,Brainlab AG,Neurology,2024
CINA-ASPECTS,Avicenna.AI,Radiology,2024
CINA-iPE,Avicenna.AI,Radiology,2024
OTS Hip,Ortoma AB,Neurology,2024
SleepStageML,"Beacon Biosignals, Inc.",Neurology,2024
"Voluson Signature 20, Voluson Signature 18","GE Medical Systems Ultrasound and Primary care Diagnostics,",Radiology,2024
EdgeFlow UH10,Edgecare Inc.,Radiology,2024
Overjet Caries Assist-Pediatric,"Overjet, Inc",Radiology,2024
iCAS-LV,HighRAD Ltd.,Radiology,2024
BoneMRI,MRIguidance B.V,Radiology,2024
MAGNETOM Cima.X Fit,"Siemens Medical Solutions USA, Inc.",Radiology,2024
inHEART Models,"inHEART, SAS",Radiology,2024
CT Cardiomegaly,"Innolitics, LLC",Radiology,2024
Revolution Ascend Sliding,"GE Hangwei Medical Systems Co., Ltd.",Radiology,2024
X-Guide Surgical Navigation System,"X-Nav Technologies, LLC",Dental,2024
EpiMonitor,Empatica Srl,Neurology,2024
QOCA® image Smart RT Contouring System,Quanta Computer Inc.,Radiology,2024
"EPIQ Series Diagnostic Ultrasound System, Affiniti Series Diagnostic Ultrasound System",Philips Ultrasound LLC,Radiology,2024
Aurora,EnsoData,Anesthesiology,2024
HealthFLD,Nano-X AI Ltd.,Radiology,2024
Sleep Apnea Feature,"Samsung Electronics Co., Ltd",Anesthesiology,2024
"Viz HDS, Viz Volume Plus, Viz ICH+","Viz.ai, Inc.",Radiology,2024
Genius Digital Diagnostics System with the Genius Cervical AI algorithm,Hologic Inc.,Pathology,2024
CEPHX- Cephalometric Analysis Software,Orca Dental AI LTD,Radiology,2024
"Aplio i900, Aplio i800 and Aplio i700 Software V8.1 Diagnostic Ultrasound System",Canon Medical Systems Corporation,Radiology,2024
Rapid ASPECTS (v3),"iSchemaView, Inc.",Radiology,2024
SIGNA Champion,GE Healthcare (Tianjin) Company Limited,Radiology,2024
NemoScan,Software Nemotec S.L.,Radiology,2024
Radify Triage,Envisionit DeepAI Ltd,Radiology,2024
Rapid (6.0),"iSchemaView, Inc.",Radiology,2024
CLEWICU System,Clew Medical Ltd.,Cardiovascular,2024
GI Genius Module 100 (GGM100.US); GI Genius Module 200 (GGM200.US); ColonPRO 4.0 (CPRO40.US),Cosmo Artificial Intelligence - AI Ltd,Gastroenterology-Urology,2024
Fibresolve,"Imvaria, Inc",Radiology,2024
Biograph VK10,"Siemens Medical Solutions USA, Inc.",Radiology,2024
DermaSensor,DermaSensor Inc.,General and Plastic Surgery,2024
SurgiCount+ System,Stryker Instruments,General Hospital,2024
BrainSee,"Darmiyan, Inc.",Neurology,2024
LungQ v3.0.0,Thirona BV,Radiology,2024
DASI Dimensions (V1.0),DASI Simulations,Radiology,2024
autoSCORE,Holberg EEG AS,Neurology,2024
VEA Align,EOS imaging,Radiology,2024
Butterfly iQ3 Ultrasound System,"Butterfly Network, Inc.",Radiology,2024
REMI AI Discrete Detection Module,"Epitel, Inc.",Neurology,2024
TumorSight Viz,"SimBioSys, Inc.",Radiology,2023
qXR-LN,Qure.ai Technologies,Radiology,2023
MAGNETOM Sola; MAGNETOM Altea,"Siemens Medical Solutions USA, Inc.",Radiology,2023
ART-Plan,TheraPanacea,Radiology,2023
HM70 EVO Diagnostic Ultrasound System,"Samsung Medison CO., LTD.",Radiology,2023
United Orthopedic Knee Patient Specific Instrumentation,"Enhatch, Inc.",Orthopedic,2023
uOmnispace.MI,"Shanghai United Imaging Healthcare Co., Ltd.",Radiology,2023
iQ-solutions,Sydney Neuroimaging Analysis Centre Pty Ltd,Radiology,2023
MAGNETOM Cima.X,"Siemens Medical Solutions USA, Inc.",Radiology,2023
EW10-EC02 Endoscopy Support Program,FUJIFILM Corporation,Gastroenterology-Urology,2023
Videa Dental Assist,"VideaHealth, Inc.",Radiology,2023
StrokeViewer Perfusion,NICo-Lab B.V.,Radiology,2023
Tyto Insights for Wheeze Detection,Tyto Care Ltd.,Anesthesiology,2023
QP-Brain®,Quibim S.L.,Radiology,2023
NaviCam ProScan,"	
Ankon Technologies co., ltd",	Gastroenterology/Urology,2023
Transpara Density 1.0.0,Screenpoint Medical B.V.,Radiology,2023
DTX Studio Clinic (4.0),Nobel Biocare AB,Radiology,2023
Bonelogic,Disior Ltd,Radiology,2023
Myocardial Strain Software Application,Circle Cardiovascular Imaging,Radiology,2023
LOGIQ Totus,"GE Medical Systems Ultrasound and Primary care Diagnostics,",Radiology,2023
Aquilion Serve SP (TSX-307B/1) V1.3,Canon Medical Systems Corporation,Radiology,2023
LINQ II Insertable Cardiac Monitor,"Medtronic, Inc.",Cardiovascular,2023
Adravision Perio,Adra Corporation,Radiology,2023
Ceevra Reveal 3+,"Ceevra, Inc.",Radiology,2023
Syngo Carbon Clinicals,Siemens Healthcare GmbH,Radiology,2023
EPIQ Series Diagnostic Ultrasound System,Philips Ultrasound LLC,Radiology,2023
6440 MyLabX90,Esaote S.p.A.,Radiology,2023
BriefCase-Quantification,"Aidoc Medical, Ltd.",Radiology,2023
syngo.via MI Workflows; Scenium; syngo MBF,"Siemens Medical Solutions USA, Inc.",Radiology,2023
ClearPoint System (Software Version 2.2),ClearPoint Neuro Inc.,Neurology,2023
Brainomix 360 Triage Stroke,Brainomix Limited,Radiology,2023
AI Platform (AIP001),Exo Inc,Radiology,2023
Axial3D Insight,Axial Medical Printing Limited,Radiology,2023
MAGNETOM Avanto fit; MAGNETOM Skyra fit,"Siemens Medical Solutions USA, Inc.",Radiology,2023
Clarius Bladder AI,Clarius Mobile Health Corp.,Radiology,2023
BraveCX,Bering Ltd,Radiology,2023
MAGNETOM Free.Max; MAGNETOM Free.Star,"Siemens Medical Solutions USA, Inc.",Radiology,2023
Contour ProtégéAI,MIM Software Inc.,Radiology,2023
"LOGIQ E10s, LOGIQ Fortis","GE Medical Systems Ultrasound and Primary Care Diagnostic,",Radiology,2023
LOGIQ E10,"GE Medical Systems Ultrasound and Primary care Diagnostics,",Radiology,2023
Lunit INSIGHT DBT,Lunit Inc.,Radiology,2023
aprevo® Digital Segmentation,"Carlsmed, Inc.",Radiology,2023
"Voluson Expert 22, Voluson Expert 20, Voluson Expert 18","GE Medical Systems Ultrasound and Primary Care Diagnostics,",Radiology,2023
"ACUSON Sequoia Diagnostic Ultrasound System, ACUSON Sequoia Select Diagnostic Ultrasound System, ACUSON Origin Diagnostic Ultrasound System","Siemens Medical Solutions USA, Inc.",Radiology,2023
BriefCase-Triage,"Aidoc Medical, Ltd.",Radiology,2023
SwiftMR,AIRS Medical Inc.,Radiology,2023
MeVis Liver Suite,MeVis Medical Solutions AG,Radiology,2023
Lumify Diagnostic Ultrasound System,Philips Ultrasound,Radiology,2023
Rapid SDH,"iSchemaView, Inc.",Radiology,2023
SignalHF (IM008),Implicity Inc.,Cardiovascular,2023
Ultrasound System 1300,BK Medical Aps,Radiology,2023
MAGNETOM Vida; MAGNETOM Lumina; MAGNETOM Aera; MAGNETOM Skyra; MAGNETOM Prisma; MAGNETOM Prisma fit,"Siemens Medical Solutions USA, Inc.",Radiology,2023
AI-Rad Companion Brain MR,Siemens Medical Solutions U.S.A.,Radiology,2023
Sonix Health,"Ontact Health Co., Ltd.",Radiology,2023
SpotLight/SpotLight Duo (with DLIR option),Arineta Ltd.,Radiology,2023
Veuron-Brain-pAb3,"Heuron Co., Ltd.",Radiology,2023
NeuViz 128 Multi-Slice CT Scanner System,"Neusoft Medical Systems Co., Ltd.",Radiology,2023
Vivio® LVEDP System,"Avicena, LLC",Cardiovascular,2023
Denti.AI Detect,"Denti.AI Technology, Inc.",Radiology,2023
Swoop® Portable MR Imaging System®,"Hyperfine, Inc.",Radiology,2023
ScanNav Anatomy Peripheral Nerve Block,Intelligent Ultrasound Limited,Anesthesiology,2023
cmAngio® V1.0,"CureMetrix, Inc.",Radiology,2023
Clarius Ultrasound Scanner,Clarius Mobile Health Corp.,Radiology,2023
DeepTek CXR Analyzer v1.0,DeepTek Medical Imaging Pvt Ltd,Radiology,2023
EFAI NeuroSuite CT ICH Assessment System,"Ever Fortune.AI Co., Ltd.",Radiology,2023
VUNO Med-DeepBrain,VUNO Inc.,Radiology,2023
Momentum Spine,Momentum Health Inc.,Radiology,2023
Lung-CAD,"Imagen Technologies, Inc",Radiology,2023
uMI Panorama,"Shanghai United Imaging Healthcare Co., Ltd.",Radiology,2023
"V8/H8 Diagnostic Ultrasound System, V7/H7 Diagnostic Ultrasound System, V6/H6 Diagnostic Ultrasound System","Samsung Medison Co., Ltd.",Radiology,2023
HipCheck,Stryker Corp.,Radiology,2023
Low Ejection Fraction AI-ECG Algorithm,"Anumana, Inc.",Cardiovascular,2023
Brainomix 360 Triage LVO,Brainomix Limited,Radiology,2023
Volta AF-Xplorer,Volta Medical,Cardiovascular,2023
OFIX MIS App,Orthofix US LLC,Radiology,2023
EFAI RTSUITE CT HCAP-Segmentation System,"Ever Fortune.AI Co., Ltd.",Radiology,2023
qXR-CTR,Qure.ai Technologies,Radiology,2023
Annalise Enterprise CTB Triage Trauma,Annalise-AI Pty Ltd,Radiology,2023
Jazz,AI Medical AG,Radiology,2023
Annalise Enterprise CTB Triage Trauma,Annalise-AI Pty Ltd.,Radiology,2023
Overjet Periapical Radiolucency Assist,"Overjet, Inc",Radiology,2023
Aquilion Serve (TSX-307A/1) V1.3,Canon Medical Systems Corporation,Radiology,2023
AI100 with Shonit,SigTuple Technologies Pvt. Ltd.,Hematology,2023
NEUROShield,In-Med Prognostics L3C,Radiology,2023
"XIDF-AWS801, Angio Workstation (Alphenix Workstation), V9.5",Canon Medical Systems Corporation,Radiology,2023
Cartesion Prime (PCD-1000A/3) V10.15,Canon Medical Systems Corporation,Radiology,2023
"Alignment System Cranial, Alignment Software Cranial, Cirq Alignment Software Cranial Biopsy, Cirq Alignment Software Cranial sEEG, Varioguide Alignment Software Cranial",Brainlab AG,Neurology,2023
DeepXray,"Alpha Intelligence Manifolds, Inc.",Radiology,2023
Minuteful-kidney test,Healthy.io Ltd.,Clinical Chemistry,2023
CorVista® System,"CorVista Health, Inc.",Cardiovascular,2023
Cleerly ISCHEMIA,"Cleerly, Inc",Cardiovascular,2023
"CARTO 3 EP Navigation System Software V8.0 (FG-5400-00, FG-5400-00U)","Biosense Webster, Inc.",Cardiovascular,2023
MAGNETOM Viato.Mobile,"Siemens Medical Solutions USA, Inc.",Radiology,2023
FaceHeart Vitals Software Development Kit (FH vitals SDK),FaceHeart Corp.,Cardiovascular,2023
"Vantage Galan 3T, MRT-3020, V9.0 with AiCE Reconstruction Processing Unit for MR",Canon Medical Systems Corporation,Radiology,2023
VisAble.IO,TechsoMed,Radiology,2023
AIRAscore,AIRAmed GmbH,Radiology,2023
Withings Scan Monitor 2.0,Withings,Cardiovascular,2023
qXR-PTX-PE,Qure.ai Technologies,Radiology,2023
Dreem 3S,"Beacon Biosignals, Inc.",Neurology,2023
Annalise Enterprise CTB Triage-OH,Annalise-AI Pty Ltd,Radiology,2023
Viz HCM,"Viz.ai, Inc.",Cardiovascular,2023
VisiRad XR,Imidex Inc.,Radiology,2023
"Spine Planning (2.0), Elements Spine Planning, Elements Planning Spine",Brainlab AG,Neurology,2023
Rapid Aneurysm Triage and Notification,iSchemaView Inc.,Radiology,2023
Brainomix 360 Triage ICH,Brainomix Limited,Radiology,2023
Global Hypoperfusion Index (GHI) Algorithm,"Edwards Lifesciences, LLC",Cardiovascular,2023
Sonio Detect,Sonio,Radiology,2023
ME-APDS; MAGENTIQ-COLO,Magentiq Eye LTD,Gastroenterology-Urology,2023
ANDI,"Imeka Solutions, Inc.",Radiology,2023
UltraSight AI Guidance,UltraSight Inc.,Radiology,2023
OptimMRI,"RebrAIn, SAS",Radiology,2023
Irregular Rhythm Notification Feature (IRNF),Apple Inc.,Cardiovascular,2023
"Cranial Navigation, Navigation Software Cranial, Navigation Software Craniofacial, Cranial EM System, Automatic Registration iMRI",Brainlab AG,Neurology,2023
uOmnispace,"Shanghai United Imaging Healthcare Co., Ltd",Radiology,2023
syngo.CT Lung CAD (Version VD30),Siemens Healthcare GmbH,Radiology,2023
Ez3D-i /E3,"Ewoosoft Co., Ltd",Radiology,2023
"Brainlab Elements Image Fusion, Contouring (4.5);Image Fusion  (4.5);Fibertracking (2.0);BOLD MRI Mapping  (1.0);Image Fusion Angio  (1.0)",Brainlab AG,Radiology,2023
Spine Auto Views,GE Medical Systems SCS,Radiology,2023
Biograph Vision.X and Biograph Vision.X Edge,"Siemens Medical Solutions USA, Inc.",Radiology,2023
ECHELON Synergy MRI system,FUJIFILM Healthcare Corporation,Radiology,2023
AusculThing ACC,AusculThing Oy,Cardiovascular,2023
MOZI TPS,"Manteia Technologies Co., Ltd.",Radiology,2023
Spine CAMP (1.1),"Medical Metrics, Inc.",Radiology,2023
KidneyIntelX.dkd,"Renalytix AI, Inc.",Clinical Chemistry,2023
EarliPoint,"EarliTec Diagnostics, Inc",Neurology,2023
Bladder AI (AIBV01),Exo Inc,Radiology,2023
Voluson SWIFT; Voluson SWIFT+,"GE Medical Systems Ultrasound & Primary Care Diagnostic, LLC",Radiology,2023
HepaFatSmart (V2.0.0),Resonance Health Analysis Services Pty Ltd,Radiology,2023
IB Lab LAMA,IB Lab GmbH,Radiology,2023
DeepCatch,"MEDICALIP Co., Ltd",Radiology,2023
EyeArt v2.2.0,"Eyenuk, Inc.",Ophthalmic,2023
CAC Software,"Imbio, Inc.",Radiology,2023
"FEops HEARTguideTM, FEops HEARTguideTM ALPACA",FEops nv,Radiology,2023
Sonic DL,"GE Medical Systems,LLC (GE Healthcare)",Radiology,2023
Saranas Early Bird Bleed Monitoring System,Saranas Inc.,Cardiovascular,2023
"Critical Care Suite with Pneumothorax Detection AI Algorithm, Critical Care Suite 2.1, Critical Care Suite","GE Medical Systems, LLC",Radiology,2023
Genius AI Detection 2.0 with CC-MLO Correlation,"Hologic, Inc.",Radiology,2023
Ceribell Status Epilepticus Monitor,"Ceribell, Inc.",Neurology,2023
Autoplaque,Cedars-Sinai Medical Center: AIM,Radiology,2023
GI Genius System 100 and GI Genius System 200,Cosmo Artificial Intelligence - AI Ltd,Gastroenterology-Urology,2023
Radiation Planning Assistant (RPA),"University of Texas, MD Anderson Cancer Center",Radiology,2023
SubtleMR (2.3.x),Subtle Medical Inc.,Radiology,2023
Neurophet AQUA,"NEUROPHET, Inc.",Radiology,2023
Auto Segmentation,"GE Medical Systems, LLC",Radiology,2023
SIS System,"Surgical Information Sciences, Inc.",Radiology,2023
Samsung ECG Monitor Application with Irregular Heart Rhythm Notification,"Samsung Electronics Co., Ltd",Cardiovascular,2023
xT CDx,"Tempus Labs, Inc.",Pathology,2023
Precision DL,GE Healthcare,Radiology,2023
ENT EM,Brainlab AG,Neurology,2023
"LINQ II Insertable Cardiac Monitor, CareLink SmartSync LINQ II ICM Application","Medtronic, Inc.",Cardiovascular,2023
MR DWI/FLAIR Measurement V1.0,Olea Medical,Radiology,2023
iCAC Device,"Bunkerhill, Inc",Radiology,2023
Ceevra Reveal 3,"Ceevra, Inc.",Radiology,2023
ViewFinder Software Version 1.1,Elaitra Ltd,Radiology,2023
HERA W10 Diagnostic Ultrasound System; HERA W9 Diagnostic Ultrasound System,"Samsung Medison CO., LTD.",Radiology,2023
Deep Learning Image Reconstruction,GE Healthcare Japan Corporation,Radiology,2023
Velacur,Sonic Incytes,Radiology,2023
"Brainlab Elements  Trajectory Planning (2.6), Elements Stereotaxy, Elements Lead Localization, Elements Trajectory Planning Cranial",Brainlab AG,Neurology,2023
ART-Plan,Therapanacea SAS,Radiology,2023
Quantib Prostate,Quantib BV,Radiology,2023
AutoContour Model RADAC V3,"Radformation, Inc.",Radiology,2023
Ezra Flash,"Ezra AI, Inc.",Radiology,2023
CerebralGo Plus,"Yukun (Beijing) Technology Co., Ltd",Radiology,2023
Ultrasound System 2300,BK Medical Aps,Radiology,2023
Limbus Contour,Limbus AI Inc.,Radiology,2023
SKOUT® system,Iterative Scopes Inc.,Gastroenterology-Urology,2023
AI-Rad Companion (Cardiovascular),Siemens Medical Solutions U.S.A.,Radiology,2023
"Ingenia, Ingenia CX, Ingenia Elition, Ingenia Ambition, MR 5300 and MR 7700 MR Systems",Philips Medical Systems Nederland B.V.,Radiology,2023
"Reveal LINQ Insertable Cardiac Monitor, LINQ II Insertable Cardiac Monitor, AccuRhythm AI ECG Classification System","Medtronic, Inc.",Cardiovascular,2023
Butterfly iQ/iQ+ Ultrasound System,"Butterfly Network, Inc.",Radiology,2023
Formus Hip,"Formus Labs, Ltd",Radiology,2023
Masimo SafetyNet,Masimo Corporation,Anesthesiology,2023
RayStation 12A,RaySearch Laboratories AB (publ),Radiology,2023
DTX Studio Clinic 3.0,Nobel Biocare AB,Radiology,2023
Annalise Enterprise CXR Triage Trauma,Annalise-AI Pty Ltd,Radiology,2023
RadioLens v1.0,Synapsica,Radiology,2023
MAGNETOM Amira; MAGNETOM Sempra,Siemens Medical Solutions USA Inc.,Radiology,2023
Overjet Caries Assist,"Overjet, Inc.",Radiology,2023
MPXA-2000,"Medipixel, Inc.",Radiology,2023
FlightPlan for Embolization,GE Medical Systems SCS,Radiology,2023
NeuroRPM,New Touch Digital Inc.,Neurology,2023
Viz AAA,"Viz. ai, Inc.",Radiology,2023
Alio,"Alio, Inc.",Cardiovascular,2023
Spectral Bone Marrow,"GE Medical Systems, LLC",Radiology,2023
AccuContour,"Manteia Technologies Co., Ltd.",Radiology,2023
Aquilion Precision (TSX-304A/4) V10.14 with AiCE,Canon Medical Systems Corporation,Radiology,2023
Aquilion Serve (TSX-307A/1) V1.2 with AiCE-i,Canon Medical Systems Corporation,Radiology,2023
BoneView,Gleamer,Radiology,2023
Rapid NCCT Stroke,"iSchemaView, Inc.",Radiology,2023
Xeleris V Processing and Review System,GE Healthcare,Radiology,2023
AVIEW Lung Nodule CAD,"Coreline Soft Co.,Ltd.",Radiology,2023
Caption Interpretation Automated Ejection Fraction Software,"Caption Health, Inc",Radiology,2023
Brainomix 360 e-ASPECTS,Brainomix Limited,Radiology,2023
Belun Sleep System BLS-100,Belun Technology Company Limited,Anesthesiology,2023
Swoop® Portable MR Imaging System,"Hyperfine, Inc.",Radiology,2023
BoneMRI v1.6,MRIguidance B.V.,Radiology,2023
PMD-200,Medasense Biometrics Ltd.,Anesthesiology,2023
uCT ATLAS Astound with uWS-CT-Dual Energy Analysis,"Shanghai United Imaging Healthcare Co., Ltd.",Radiology,2023
uMR 680,"Shanghai United Imaging Intelligence Co., Ltd.",Radiology,2023
ZEUS System,"iRhythm Technologies, Inc.",Cardiovascular,2023
"V8 Diagnostic Ultrasound System, V7 Diagnostic Ultrasound System","Samsung Medison Co., Ltd.",Radiology,2023
SIGNA Victor,GE Healthcare (Tianjin) Company Limited,Radiology,2023
Videa Perio Assist,"VideaHealth, Inc.",Radiology,2023
Oncospace,"Oncospace, Inc.",Radiology,2023
BriefCase,"Aidoc Medical, Ltd.",Radiology,2023
LVivo IQS,DiA Imaging Analysis Ltd,Radiology,2023
Rapid RV/LV,iSchema View Inc.,Radiology,2023
QOCA image Smart CXR Image Processing System,Quanta Computer Inc.,Radiology,2023
Clarius AI,Clarius Mobile Health Corp.,Radiology,2023
VX1+,Volta Medical,Cardiovascular,2023
TruPlan Computed Tomography (CT) Imaging Software,"Circle Cardiovascular Imaging, Inc.",Radiology,2023
MR Diffusion Perfusion Mismatch V1.0,Olea Medical,Radiology,2023
AIBOLIT 3D+,"Aibolit Technologies, LLC",Radiology,2023
Alpha Control Liner System (ACLS),Coapt,Neurology,2023
MR 5300 and MR 7700 R11 MR Systems,Philips Medical Systems Nederlands B.V.,Radiology,2022
AVIEW,"Coreline Soft Co.,Ltd.",Radiology,2022
Philips CT 3500,"Philips Healthcare (Suzhou) Co., Ltd",Radiology,2022
Saige-Density,"DeepHealth, Inc.",Radiology,2022
BrainInsight,"Hyperfine, Inc.",Radiology,2022
Overjet Calculus Assist,Overjet Inc.,Radiology,2022
Swoop Portable MR Imaging System,"Hyperfine, Inc.",Radiology,2022
BriefCase,"Aidoc Medical, Ltd.",Radiology,2022
STAR Apollo Mapping System,"Rhythm Al, Ltd",Cardiovascular,2022
CINA,AVICENNA.AI,Radiology,2022
Avenda Health AI Prostate Cancer Planning Software,"Avenda Health, Inc.",Radiology,2022
SIS System (Version 5.6.0),"Surgical Information Sciences, Inc.",Radiology,2022
BoneMRI v1.4,MRlguidance B.V.,Radiology,2022
Syngo Dynamics (Version VA40F),"Siemens Medical Solutions USA, Inc.",Radiology,2022
AEYE-DS,"AEYE Health, Inc.",Ophthalmic,2022
AVIEW RT ACS,"Coreline Soft Co.,Ltd",Radiology,2022
EFAI ChestSuite XR Pneumothorax Assessment System,"Ever Fortune AI Co., Ltd.",Radiology,2022
Avive Automated External Defibrillator (AED) System,"Avive Solutions, Inc.",Cardiovascular,2022
uMR Omega with uWS-MR-MRS,"Shanghai United Imaging Healthcare Co.,Ltd.",Radiology,2022
EndoNaut,Therenva SAS,Radiology,2022
Viz LVO ContaCT,"Viz.ai, Inc.",Radiology,2022
AI-Rad Companion (Musculoskeletal),"Siemens Medical Solutions USA, Inc.",Radiology,2022
ScanNav Anatomy Peripheral Nerve Block,	Intelligent Ultrasound Limited,Anesthesiology,2022
Spine CAMP,"Medical Metrics, Inc.",Radiology,2022
HeartFlow Analysis,"HeartFlow, Inc.",Cardiovascular,2022
AI-Rad Companion Organs RT,"Siemens Medical Solutions USA, Inc",Radiology,2022
Genius AI Detection 2.0,"Hologic, Inc.",Radiology,2022
VISIONAIR,PacificMD Biotech Llc,Anesthesiology,2022
QIR Suite,CASIS Cardiac Simulation & Imaging Software,Radiology,2022
CogNet QmTRIAGE,"MedCognetics, Inc.",Radiology,2022
NS-HGlio,Neosoma Inc.,Radiology,2022
SomnoMetry,Neumetry Medical Inc,Neurology,2022
Aorta-CAD,"Imagen Technologies, Inc",Radiology,2022
"MAGNETOM Sola, MAGNETOM Altea, MAGNETOM Sola Fit","Siemens Medical Solutions USA, Inc.",Radiology,2022
Rapid ICH,iSchemaView Inc.,Radiology,2022
Aquilion Precision (TSX-304A/4) V10.10 with AiCE,Canon Medical Systems Corporation,Radiology,2022
EFAI ChestSuite XR Pleural Effusion Assessment System,"Ever Fortune.AI Co., Ltd.",Radiology,2022
syngo.via RT Image Suite,Siemens Medical Solutions USA Inc.,Radiology,2022
LiverMultiScan v5 (LMSv5),Perspectum,Radiology,2022
DrAid for Radiology v1,VinBrain Joint Stock Company,Radiology,2022
Viz RV/LV,"Viz.ai, Inc.",Radiology,2022
MRI Planner,Spectronic Medical AB,Radiology,2022
LINQ II Insertable Cardiac Monitor,"Medtronic, Inc.",Cardiovascular,2022
AutoContour Model RADAC V2,"Radformation, Inc.",Radiology,2022
HS40 Diagnostic Ultrasound System,"Samsung Medison Co., Ltd.",Radiology,2022
MI View&GO,"Siemens Medical Solutions USA, Inc.",Radiology,2022
SKOUT Software,Iterative Scopes Inc.,Gastroenterology-Urology,2022
TeraRecon Neuro,"TeraRecon, Inc",Radiology,2022
AI-Rad Companion (Pulmonary),Siemens Healthcare GmBh,Radiology,2022
ClearPoint Maestro Brain Model,"ClearPoint Neuro, Inc.",Radiology,2022
Transpara 1.7.2,ScreenPoint Medical B.V.,Radiology,2022
Customize,3D-Side SA,Radiology,2022
ABMD Software,HeartLung Corporation,Radiology,2022
Deep Learning Image Reconstruction,GE Healthcare Japan Corporation,Radiology,2022
cvi42 Auto Imaging Software Application,Circle Cardiovascular Imaging Inc,Radiology,2022
DeepRhythmAI,Medicalgorithmics S.A.,Cardiovascular,2022
Viz SDH,"Viz.ai, Inc.",Radiology,2022
AI4CMR v1.0,AI4MedImaging Medical Solutions S.A.,Radiology,2022
"Vivid E80, Vivid E90, Vivid E95",GE Medical Systems Ultrasound and,Radiology,2022
"EchoPAC Software Only, EchoPAC Plug-in","GE Medical Systems Ultrasound and Primary Care Diagnostics,",Radiology,2022
Libby Echo:Prio,"Dyad Medical, Inc",Radiology,2022
"Study Watch with Irregular Pulse Monitor (Home), Study Watch with Irregular Pulse Monitor",Verily Life Sciences LLC,Cardiovascular,2022
ZEUS System (Zio Watch),"iRhythm Technologies, Inc.",Cardiovascular,2022
"Vivid T8, Vivid T9","GE Medical Systems Ultrasound and Primary Care Diagnostics,",Radiology,2022
Vivid iq,GE Medical Systems Ultrasound & Primary Care Diagnostics LLC,Radiology,2022
"Vivid S60N, Vivid S70N","GE Medical Systems Ultrasound and Primary Care Diagnostics,",Radiology,2022
AHI System,Fifth Eye Inc.,Cardiovascular,2022
syngo.CT Extended Functionality,"Siemens Medical Solutions USA, Inc.",Radiology,2022
ProstatID,"ScanMed, LLC",Radiology,2022
Minuteful - kidney test,Healthy.io Ltd.,Clinical Chemistry,2022
Eko Murmur Analysis Software (EMAS),"Eko Devices, Inc.",Cardiovascular,2022
"V8 Diagnostic Ultrasound System, V7 Diagnostic Ultrasound System","Samsung Medison Co., Ltd.",Radiology,2022
Venue,GE Medical Systems,Radiology,2022
Venue Fit,GE Medical Systems,Radiology,2022
"MAGNETOM Free.Max, MAGNETOM Free.Star","Siemens Medical Solutions USA, Inc.",Radiology,2022
CoLumbo,Smart Soft Healthcare AD,Radiology,2022
Venue Go,GE Medical Systems Ultrasound and Primary Care Diagnostics,Radiology,2022
IDx-DR v2.3,Digital Diagnostics Inc.,Ophthalmic,2022
ElucidVivo A.3,Elucid Bioimaging Inc.,Radiology,2022
ART-PLAN,TheraPanacea,Radiology,2022
"Aquilion ONE (TSX-306A/3) V10.12 with Spectral Imaging System, Vitrea Software Package, VSTP-001A",Canon Medical Systems Corporation,Radiology,2022
EarliPoint System,"EarliTec Diagnostics, Inc.",Neurology,2022
AIR Recon DL,"GE Medical Systems,LLC (GE Healthcare)",Radiology,2022
"Voluson Expert 22, Voluson Expert 20, Voluson Expert 18","GE Medical Systems Ultrasound and Primary Care Diagnostics,",Radiology,2022
Atrial Fibrillation History Feature,Apple Inc.,Cardiovascular,2022
Rayvolve,AZmed SAS,Radiology,2022
Rapid LVO,iSchemaView Inc.,Radiology,2022
eMurmur Heart AI,CSD Labs GmbH,Cardiovascular,2022
SwiftMR,AIRS Medical Inc.,Radiology,2022
Rapid PE Triage and Notification (PETN),iSchemaView Inc.,Radiology,2022
syngo.CT CaScoring,"Siemens Medical Solutions USA, Inc.",Radiology,2022
"Achieva, Ingenia, Ingenia CX, Ingenia Elition and Ingenia Ambition MR Systems",Philips Medical Systems Nederland B.V.,Radiology,2022
MAGNETOM Skyra Fit,"Siemens Medical Solutions USA, Inc.",Radiology,2022
Quantib Prostate,Quantib BV,Radiology,2022
Saige-Dx,"DeepHealth, Inc.",Radiology,2022
Versana Balance,"GE Medical Systems Ultrasound and Primary Care Diagnostics,",Radiology,2022
Overjet Caries Assist,"Overjet, Inc.",Radiology,2022
Segment 3DPrint,Medviso AB,Radiology,2022
MVision AI Segmentation,MVision AI,Radiology,2022
X100HT with Slide Loader with Full Field Peripheral Blood Smear (PBS) Application,Scopio Labs Ltd.,Hematology,2022
Oxehealth Vital Signs,Oxehealth Limited,Cardiovascular,2022
MAGNETOM Lumina and MAGNETOM Vida Fit with syngo MR XA50A,Siemens Medical Solutions USA Inc.,Radiology,2022
aPROMISE X,EXINI Diagnostics AB,Radiology,2022
EFAI RTSuite CT HN-Segmentation System,"Ever Fortune.AI Co., Ltd.",Radiology,2022
Philips Incisive CT,"Philips Healthcare (Suzhou) Co., Ltd.",Radiology,2022
AliveCor QT Service,"AliveCor, Inc.",Cardiovascular,2022
HealthOST,NanoxAI Ltd.,Radiology,2022
Videa Caries Assist,"VideaHealth, Inc",Radiology,2022
AI-Rad Companion Brain MR,Siemens Healthcare GmBh,Radiology,2022
RayStation 11B,RaySearch Laboratories AB (publ),Radiology,2022
INT Contour,Carina Medical LLC,Radiology,2022
"Vantage Galan 3T, MRT-3020, V8.0 with AiCE Reconstruction Processing Unit for MR",Canon Medical Systems Corporation,Radiology,2022
ClariPulmo,ClariPi Inc.,Radiology,2022
"HERA W10 Diagnostic Ultrasound System, HERA W9 Diagnostic Ultrasound System","Samsung Medison Co., LTD",Radiology,2022
MRCAT Head & Neck,Philips Oy,Radiology,2022
EFAI Intelligent Cardiothoracic Ratio (iCTR) Assessment System,"Ever Fortune. AI Co., Ltd.",Radiology,2022
DEEPVESSEL FFR,KeyaMed NA Inc.,Cardiovascular,2022
MAGNETOM Avanto Fit,"Siemens Medical Solutions USA, Inc.",Radiology,2022
Athelas Home,Athelas Inc.,Hematology,2022
"Aplio a550, Aplio a450, and Aplio a, Diagnostic Ultrasound System, Software V6.5",Canon Medical Systems Corporation,Radiology,2022
Arterys MICA,Arterys Inc.,Radiology,2022
CardIQ Suite,GE Medical Systems SCS,Radiology,2022
ClearRead Xray Pneumothorax,"Riverain Technologies, Inc.",Radiology,2022
Second Opinion,Pearl Inc.,Radiology,2022
BoneView,Gleamer,Radiology,2022
MAGNETOM Vida with syngo MR XA50A,"Siemens Medical Solutions USA, Inc.",Radiology,2022
Annalise Enterprise CXR Triage Pneumothorax,Annalise-AI,Radiology,2022
Deep Learning Image Reconstruction,"GE Medical Systems, LLC.",Radiology,2022
"Viz ANEURYSM, Viz ANX","Viz.ai, Inc.",Radiology,2022
"Voluson P6, Voluson P8",GE Healthcare,Radiology,2022
SIGNA Artist Evo,GE Healthcare(Tianjin) Company Limited,Radiology,2022
Rapid,iSchema View Inc.,Radiology,2022
"Micro C Medical Imaging System, M01","OXOS Medical, Inc.",Radiology,2022
Revolution Ascend,GE Healthcare Japan Corporation,Radiology,2022
Contour ProtégéAI,MIM Software Inc.,Radiology,2022
syngo.CT Brain Hemorrhage,"Siemens Medical Solutions USA, Inc.",Radiology,2022
"Aplio i900/i800/i700 Diagnostic Ultrasound System, Software V6.5",Canon Medical Systems Corporation,Radiology,2022
SIGNA Hero,"GE Healthcare (GE Medical Systems, LLC)",Radiology,2022
Follicle Clarity,Cycle Clarity,Radiology,2022
Caption Interpretation Automated Ejection Fraction Software,Caption Health,Radiology,2022
SIGNA Prime,GE Healthcare (Tianjin) Company Limited,Radiology,2022
Quantib ND,Quantib B.V.,Radiology,2022
Eclipse II with Smart Noise Cancellation,"Carestream Health, Inc.",Radiology,2022
Precise Image,"Philips Medical Systems Nederland, B.V.",Radiology,2022
"Voluson S6, Voluson S8, Voluson S8t, Voluson S10, Voluson S10 Expert",GE Healthcare,Radiology,2022
UNiD Spine Analyzer,"MEDICREA International, Inc.",Radiology,2022
AIBOLIT 3D+,"AIbolit Technologies, LLC",Radiology,2022
TOMTEC-ARENA,TOMTEC Imaging Systems GmbH,Radiology,2022
LiverSmart,Resonance Health Analysis Services Pty Ltd,Radiology,2021
BoneMRI,MRIguidance B.V,Radiology,2021
qXR-BT,Qure.ai Technologies,Radiology,2021
BU-CAD,TaiHao Medical Inc.,Radiology,2021
EchoGo Core (2.0),Ultromics Limited,Radiology,2021
Koios DS,"Koios Medical, Inc.",Radiology,2021
VBrain,Vysioneer Inc.,Radiology,2021
HealthPPT,Zebra Medical Vision Ltd.,Radiology,2021
RT-Mind-AI,"MedMind Technology Co., Ltd.",Radiology,2021
LVivo Seamless,DiA Imaging Analysis Ltd,Radiology,2021
Al-Rad Companion (Pulmonary),"Siemens Medical Solutions USA, Inc.",Radiology,2021
Cydar EV (Series B) and Cydar EV Maps,Cydar Ltd.,Radiology,2021
AHI System,Fifth Eye Inc.,Cardiovascular,2021
"Vantage Fortian 1.5T, MRT-1550, V8.0 with AiCE Reconstruction Processing Unit for MR",Canon Medical Systems Corporation,Radiology,2021
MammoScreen 2.0,Therapixel,Radiology,2021
EndoScreener,"Chengdu Wision Medical Device Co., LTD.",Gastroenterology-Urology,2021
OnQ Neuro,"CorTechs Labs, Inc",Radiology,2021
Soteria.AI,"Omega Medical Imaging, LLC",Radiology,2021
Swoop Point-of-Care Magnetic Resonance Imaging (POC MRI) Scanner System,"Hyperfine, Inc.",Radiology,2021
Lunit INSIGHT MMG,Lunit Inc.,Radiology,2021
"TEX20/TEX20 Pro/TEX20S/TEX20T/TEX20 Exp/TEX20 Elite Diagnostic Ultrasound System, TEX10/ TEX10 Pro/TEX10S/TEX10T/TEX10 Exp/TEX10 Elite/TE X/TE X Lite Diagnostic Ultrasound System","Shenzhen Mindray Bio-Medical Electronics Co.,LTD",Radiology,2021
Clarius Ultrasound Scanner,Clarius Mobile Health Corp.,Radiology,2021
Lunit INSIGHT CXR Triage,Lunit Inc.,Radiology,2021
IM007,"Implicity, Inc.",Cardiovascular,2021
Critical Care Suite with Endotracheal Tube Positing AI algorithm,"GE Medical Systems, LLC",Radiology,2021
Advanced Algorithms for Treatment Management Applications (AATMA),Elekta Solutions AB,Radiology,2021
FlightPlan for Liver,GE Medical Systems SCS,Radiology,2021
IRNF App,Apple Inc.,Cardiovascular,2021
Contour ProtegeAI,MIM Software Inc.,Radiology,2021
StrokeSENS LVO,"Circle Neurovascular Imaging, Inc",Radiology,2021
SwiftMR,AIRS Medical Inc.,Radiology,2021
VBrain-OAR,Vysioneer Inc.,Radiology,2021
EYE-SYNC,"SyncThink, Inc.",Neurology,2021
SubtlePET,"Subtle Medical, Inc.",Radiology,2021
"Philips EPIQ Diagnostic Ultrasound System, Philips Affiniti Diagnostic Ultrasound System",Philips Medical Systems,Radiology,2021
Paige Prostate,Paige.AI,Pathology,2021
Deep Learning Image Reconstruction,GE Healthcare Japan Corporation,Radiology,2021
Intelligent NR,Canon Inc.,Radiology,2021
HealthCCSng,Zebra Medical Vision Ltd.,Radiology,2021
ClariSIGMAM,ClariPi Inc.,Radiology,2021
Versana Premier,"GE Medical Systems Ultrasound and Primary Care Diagnostics,",Radiology,2021
Aquilion Exceed LB,Canon Medical Systems Corporation,Radiology,2021
"HERA W9, HERA W10 Diagnostic Ultrasound System","Samsung Medison Co., Ltd.",Radiology,2021
FEops HEARTguide,FEops NV,Cardiovascular,2021
"EPIQ Series Diagnostic Ultrasound System, Affiniti Series Diagnostic Ultrasound System",Philips Medical Systems,Radiology,2021
AmCAD-UT,AmCad BioMed Corporation,Radiology,2021
RayStation 11.0,RaySearch Laboratories AB (publ),Radiology,2021
V8 Diagnostic Ultrasound System,"Samsung Medison CO., LTD.",Radiology,2021
AI Segmentation,"Varian Medical Systems, Inc.",Radiology,2021
Auto Lung Nodule Detection,"Samsung Electronics Co.,Ltd.",Radiology,2021
EndoNaut,Therenva SAS,Radiology,2021
RBknee,Radiobotics ApS,Radiology,2021
Discovery MI Gen2,"GE Medical Systems, LLC.",Radiology,2021
TruSPECT  Radiological Image Processing Station,Spectrum Dynamics Medical Ltd,Radiology,2021
InferRead CT Stroke.AI,"Infervision Medical Technology Co., Ltd.",Radiology,2021
uCT ATLAS with uWS-CT-Dual Energy Analysis,"Shanghai United Imaging Healthcare Co., Ltd.",Radiology,2021
Vereos PET/CT,Philips Medical Systems Nederland B.V.,Radiology,2021
Kosmos,"EchoNous, Inc.",Radiology,2021
breastscape v1.0,Olea Medical,Radiology,2021
syngo.via RT Image Suite,Siemens Medical Solutions USA Inc.,Radiology,2021
qER-Quant,Qure.ai Technologies,Radiology,2021
ClariCT.AI,ClariPi Inc.,Radiology,2021
Us2.v1,eko.ai Pte. Ltd. d/b/a Us2.ai,Radiology,2021
Volpara Imaging Software,Volpara Health Technologies Limited,Radiology,2021
aPROMISE,EXINI Diagnostics AB,Radiology,2021
GI Genius,Cosmo Artificial Intelligence - AI Ltd,Gastroenterology-Urology,2021
Change Healthcare Anatomical AI,Change Healthcare Canada Company,Radiology,2021
Vital Signs,Oxehealth Limited,Cardiovascular,2021
Chest-CAD,"Imagen Technologies, Inc",Radiology,2021
PowerLook Density Assessment V4.0,"iCAD, Inc.",Radiology,2021
HALO,Nico.Lab B.V.,Radiology,2021
MAGNETOM Free.Max,"Siemens Medical Solutions USA, Inc.",Radiology,2021
RayStation 10.1,RaySearch Laboratories AB (publ),Radiology,2021
Precise Position,"Philips Healthcare (Suzhou) Co., Ltd.",Radiology,2021
Qmenta Care Platform Family,"Mint Labs, Inc., d/b/a. QMENTA",Radiology,2021
EnsoSleep,"EnsoData, Inc.",Neurology,2021
"LINQ II Insertable Cardiac Monitor, Zelda AI ECG Classification System","Medtronic, Inc.",Cardiovascular,2021
"syngo.via MI WorkFlows, Scenium, syngo MBF","Siemens Medical Solutions USA, Inc.",Radiology,2021
IDx-DR,Digital Diagnostics Inc.,Ophthalmic,2021
"OPTIS Mobile Next Imaging System, OPTIS Integrated Next Imaging System",Abbott Medical,Radiology,2021
Cognoa ASD Diagnosis Aid,"Cognoa, Inc.",Neurology,2021
Transpara 1.7.0,ScreenPoint Medical B.V.,Radiology,2021
Zio ECG Utilization Software (ZEUS) System,"iRhythm Technologies, Inc.",Cardiovascular,2021
Overjet Dental Assist,"Overjet, Inc.",Radiology,2021
CINA CHEST,Avicenna.AI,Radiology,2021
SIGNA 7.0T,"GE Medical Systems, LLC",Radiology,2021
HS40 Diagnostic Ultrasound System,"Samsung Medison CO., LTD.",Radiology,2021
HYPER AiR,"Shanghai United Imaging Healthcare Co.,Ltd.",Radiology,2021
MEDO-Thyroid,MEDO DX Pte. Ltd.,Radiology,2021
Cartesion Prime (PCD-1000A/3) V10.8,Canon Medical Systems Corporation,Radiology,2021
Preview Shoulder,Genesis Software Innovations,Radiology,2021
Automatic Anatomy Recognition (AAR),"Quantitative Radiology Solutions, LLC",Radiology,2021
Saige-Q,"DeepHealth, Inc.",Radiology,2021
"BriefCase, RIB Fractures Triage (RibFx)","Aidoc Medical, Ltd.",Radiology,2021
GI Genius,"Cosmo Artificial Intelligence - AI, LTD",Gastroenterology-Urology,2021
Eclipse II with Smart Noise Cancellation,"Carestream Health, Inc.",Radiology,2021
DV. Target,Deepvoxel INC,Radiology,2021
Gili Pro BioSensor (also known as Gili BioSensor System),ContinUse Biometrics Ltd.,Cardiovascular,2021
SIS System (Version 5.1.0),"Surgical Information Sciences, Inc.",Radiology,2021
"MAGNETOM Vida, MAGNETOM Sola, MAGNETOM Lumina, MAGNETOM Altea","Siemens Medical Solutions USA, Inc.",Radiology,2021
syngo.CT Lung CAD,Siemens Healthcare GmbH,Radiology,2021
Oxehealth Vital Signs,Oxehealth Limited,Cardiovascular,2021
Aquilion ONE (TSX-306A/3) V10.4 with Spectral Imaging System,Canon Medical Systems Corporation,Radiology,2021
Viz ICH,"Viz.ai, Inc.",Radiology,2021
Oncospace,"Oncospace, Inc.",Radiology,2021
ProFound AI Software V3.0,iCAD Inc.,Radiology,2021
Imbio RV/LV Software,"Imbio, LLC",Radiology,2021
"Optellum Virtual Nodule Clinic, Optellum software, Optellum platform",Optellum Ltd,Radiology,2021
"Vantage Galan 3T, MRT-3020, V6.0 with AiCE Reconstruction Processing Unit for MR",Canon Medical Systems Corporation,Radiology,2021
MaxFOV 2,"GE Medical Systems, LLC.",Radiology,2021
Analytic for Hemodynamic Instability (AHI),Fifth Eye Inc.,Cardiovascular,2021
SubtleMR,"Subtle Medical, Inc.",Radiology,2021
NinesMeasure,"Nines, Inc.",Radiology,2021
"OTIS 2.1 Optical Coherence Tomography System, THiA Optical Coherence Tomography System","Perimeter Medical Imaging AI, Inc.",Radiology,2021
TruPlan,Circle Cardiovascular Imaging Inc.,Radiology,2021
"Synapse 3D, Synapse 3D Base Tools v6.1",Fujifilm Corporation,Radiology,2021
LVivo Software Application,DiA Imaging Analysis Ltd,Radiology,2021
QUIBIM Precision Prostate (qp-Prostate),QUIBIM S.L.,Radiology,2021
Visage Breast Density,Visage Imaging GmbH,Radiology,2021
uAI EasyTriage-Rib,"Shanghai United Imaging Intelligence Co., Ltd.",Radiology,2021
"Vantage Orian 1.5T, MRT-1550, V6.0",Canon Medical Systems Corporation,Radiology,2021
ART-Plan,TheraPanacea,Radiology,2021
Hepatica v1 (Hepatica v1.0.0),Perspectum Ltd.,Radiology,2021
Aquilion Lightning (TSX-036A/7) V10.2 with AiCE-i,Canon Medical Systems Corporation,Radiology,2021
Imagio Breast Imaging System,"Seno Medical Instruments, Inc.",Radiology,2021
CLEWICU System (ClewICUServer and ClewICUnitor),CLEW Medical Ltd.,Cardiovascular,2021
HeartFlow Analysis,"HeartFlow, Inc.",Cardiovascular,2021
BrainInsight,"Hyperfine Research, Inc",Radiology,2021
BriefCase,"Aidoc Medical, Ltd.",Radiology,2020
AI Metrics,"AI Metrics, LLC",Radiology,2020
EchoGo Pro,Ultromics Ltd,Radiology,2020
Aquilion Exceed LB (TSX-202A/3) V10.6 with AiCE-I,Canon Medical Systems Corporation,Radiology,2020
Deep Learning Image Reconstruction for Gemstone Spectral Imaging,"GE Medical Systems, LLC",Radiology,2020
HepaFat-AI,Resonance Health Analysis Services Pty Ltd,Radiology,2020
HealthJOINT,Zebra Medical Vision Ltd.,Radiology,2020
HALO,NICo-Lab B.V.,Radiology,2020
Revolution Ascend,GE Healthcare Japan Corporation,Radiology,2020
CorInsights MRI,"ADM Diagnostics, Inc.",Radiology,2020
"syngo.via MI Workflows, syngo MBF","Siemens Medical Solutions USA, Inc.",Radiology,2020
Genius AI Detection,"Hologic, Inc.",Radiology,2020
PROView,GE Medical Systems SCS,Radiology,2020
KardiaAI,"AliveCor, Inc.",Cardiovascular,2020
"FastStroke, CT Perfusion 4D",GE Medical Systems SCS,Radiology,2020
AI-Rad Companion Organs RT,"Siemens Medical Solutions USA, Inc.",Radiology,2020
Neuro.Al Algorithm,"TeraRecon, Inc.",Radiology,2020
WRDensity by Whiterabbit.ai,Whiterabbit.ai Inc.,Radiology,2020
AutoContour,"Radformation, Inc.",Radiology,2020
"LensHooke X1 PRO Semen Quality Analyzer, LensHooke X1 PRO SE Semen Quality Analyzer","Bonraybio Co., Ltd.",Hematology,2020
A View LCS,"Coreline Soft Co., Ltd.",Radiology,2020
"CellaVision DC-1, CellaVision DC-1 PPA",CellaVision AB,Hematology,2020
SIGNA 7.0T,"GE Medical Systems, LLC",Radiology,2020
Quantib Prostate,Quantib BV,Radiology,2020
"Stethee Pro 1, Stethee Pro Software System",M3DICINE Pty Ltd.,Cardiovascular,2020
Cleerly Labs v2.0,"Cleerly, Inc.",Radiology,2020
LiverMultiScan,Perspectum LTD,Radiology,2020
X100 with Full Field Peripheral Blood Smear (PBS) Application,Scopio Labs LTD.,Hematology,2020
THINQ,CorticoMetrics LLC,Radiology,2020
LVivo Seamless,DiA Imaging Analysis Ltd,Radiology,2020
Xeleris V Processing and Review Systems,GE Healthcare,Radiology,2020
RayStation,RaySearch Laboratories AB (publ),Radiology,2020
"EchoPAC Software Only, EchoPAC Plug-In",GE Medical Systems Ultrasound and Primary Care Diagnostics,Radiology,2020
Caption Guidance,Caption Health,Radiology,2020
AVA (Augmented Vascular Analysis),See-Mode Technologies Pte. Ltd.,Radiology,2020
VX1,Volta Medical,Cardiovascular,2020
"Accelerate Pheno System, Accelerate PhenoTest BC Kit","Accelerate Diagnostics, Inc.",Microbiology,2020
"Vivid T8, Vivid T9",GE Medical Systems Ultrasound and Primary Care Diagnostics,Radiology,2020
Vivid iq,GE Medical Systems Ultrasound and,Radiology,2020
EyeBOX,"Oculogica, Inc.",Neurology,2020
SIGNA Artist,GE Healthcare (Tianjin) Company Limited,Radiology,2020
RX-1 Rhythm Express Remote Cardiac Monitoring System,VivaQuant Inc.,Cardiovascular,2020
AVIEW,"Coreline Soft Co., Ltd",Radiology,2020
TOMTEC-ARENA,TOMTEC Imaging Systems GmbH,Radiology,2020
Limbus Contour,Limbus AI Inc.,Radiology,2020
Syngo.via RT Image Suite,"Siemens Medical Solutions USA, Inc.",Radiology,2020
VIDAvision,VIDA Diagnostics Inc.,Radiology,2020
Accipiolx,MaxQ Al Ltd.,Radiology,2020
HYPER DLR,"Shanghai United Imaging Healthcare Co., Ltd.",Radiology,2020
EyeArt,"Eyenuk, Inc",Ophthalmic,2020
FractureDetect (FX),"Imagen Technologies, Inc.",Radiology,2020
AI-Rad Companion Prostate MR,Siemens Medical Solutions USA Inc.,Radiology,2020
Vivid E80/ Vivid E90/ Vivid E95,GE Medical Systems Ultrasound and,Radiology,2020
Caption Interpretation Automated Ejection Fraction Software,Caption Health,Radiology,2020
"Vivid S60N, Vivid S70N",GE Medical Systems Ultrasound and Primary Care Diagnostics,Radiology,2020
HealthMammo,Zebra Medical Vision Ltd.,Radiology,2020
"Vantage Orian 1.5T, MRT-1550, V6.0 with AiCE Reconstruction Processing Unit for MR",Canon Medical Systems Corporation,Radiology,2020
Ezra Plexo Software,Ezra AI Inc.,Radiology,2020
AI-Rad Companion Engine,"Siemens Medical Solutions USA, Inc.",Radiology,2020
Rapid LVO,iSchemaView Inc.,Radiology,2020
Deep Recon,"Shanghai United Imaging Healthcare Co., Ltd.",Radiology,2020
Contour ProtegeAI,MIM Software Inc.,Radiology,2020
InferRead Lung CT.AI,"Beijing Infervision Technology Co.,Ltd.",Radiology,2020
Rapid ASPECTS,iSchemaView Inc.,Radiology,2020
CINA,AVICENNA.AI,Radiology,2020
LVivo Software Application,DiA Imaging Analysis Ltd,Radiology,2020
AI-Rad Companion Brain MR,"Siemens Medical Solutions USA, Inc.",Radiology,2020
qER,Qure.ai Technologies,Radiology,2020
MEDO ARIA,Medo.ai,Radiology,2020
Auto 3D Bladder Volume Tool,"Butterfly Network, Inc.",Radiology,2020
QLAB Advanced Quantification Software,Philips Healthcare,Radiology,2020
uWS-MR,"Shanghai United Imaging Healthcare Co., Ltd",Radiology,2020
Syngo.CT CaScoring,"Siemens Medical Solutions USA, Inc.",Radiology,2020
HealthVCF,Zebra Medical Vision Ltd.,Radiology,2020
AVIEW LCS,"Coreline Soft Co., Ltd",Radiology,2020
uMR 780,"Shanghai United Imaging Healthcare Co., Ltd",Radiology,2020
"EPIQ Diagnostic Ultrasound System Series, Affiniti Diagnostic Ultrasound System Series, CX50 Diagnostic Ultrasound System, Sparq Diagnostic Ultrasound System, Lumify Diagnostic Ultrasound System","Philips Ultrasound, Inc.",Radiology,2020
NinesAI,"Nines, Inc.",Radiology,2020
CuraRad-ICH,CuraCloud Corp.,Radiology,2020
SIGNA Premier,"GE Healthcare (GE Medical Systems, LLC)",Radiology,2020
AIMI-Triage CXR PTX,"RADLogics, Inc.",Radiology,2020
Rapid ICH,iSchemaView Incorporated,Radiology,2020
BodyGuardian Remote Monitoring System,"Preventice Technologies, Inc.",Cardiovascular,2020
KOSMOS,"EchoNous, Inc.",Radiology,2020
Arterys MICA,Arterys Inc.,Radiology,2020
MammoScreen,Therapixel,Radiology,2020
AI-ECG Tracker,"Shenzhen Carewell Electronics Co., Ltd.",Cardiovascular,2020
Hepatic VCAR,GE Medical Systems SCS,Radiology,2020
Viz ICH,"Viz.ai, Inc.",Radiology,2020
Al-Rad Companion (Musculoskeletal),"Siemens Medical Solutions USA, Inc.",Radiology,2020
SonoVision Ultrasound Imaging System,"Tissue Differentiation Intelligence, LLC",Radiology,2020
"Vantage Galan 3T, MRT-3020, V6.0 with AiCE Reconstruction Processing Unit for MR",Canon Medical Systems Corporation,Radiology,2020
syngo.CT Lung CAD,"Siemens Medical Solutions, Inc",Radiology,2020
Transpara,ScreenPoint Medical B.V.,Radiology,2020
Broncholab,Fluidda Inc.,Radiology,2020
Red Dot,Behold.AI Technologies Limited,Radiology,2020
icobrain-ctp,Icometrix NV,Radiology,2020
AccuContour,Xiamen Manteia Technology LTD.,Radiology,2020
Aquilion Prime SP (TSX-303B8) V10.2 with AiCE-i,Canon Medical Systems Corporation,Radiology,2020
densitas densityai,"Densitas, Inc.",Radiology,2020
"Biograph Vision, Biograph mCT Family of PET/CTs","Siemens Medical Solutions USA, Inc",Radiology,2020
Aquilion ONE (TSX-306A/3) V10.0 with Spectral Imaging System,Canon Medical Systems Corporation,Radiology,2020
Biograph Horizon,"Siemens Medical Solution USA, Inc.",Radiology,2020
"Ethos Treatment Management, Ethos Treatment Planning, Ethos Radiotherapy System, Halcyon","Varian Medical Systems, Inc.",Radiology,2020
Caption Guidance,"Bay Labs, Inc.",Radiology,2020
MRCAT brain,Philips Medical Systems MR Finland,Radiology,2020
Study Watch with Irregular Pulse Monitor,Verily Life Sciences LLC,Cardiovascular,2020
Auto Positioning,"GE Hangwei Medical Systems, Co., Ltd.",Radiology,2020
ADAS 3D,Galgo Medical S.L,Radiology,2020
Eko Analysis Software,Eko Devices Inc,Cardiovascular,2020
Air Next,NuvoAir AB,Anesthesiology,2020
BriefCase,"Aidoc Medical, Ltd.",Radiology,2019
QLAB Advanced Quantification Software,Philips Healthcare,Radiology,2019
syngo.CT CaScoring,"Siemens Medical Solutions USA, Inc.",Radiology,2019
Deep Learning Image Reconstruction,GE Healthcare Japan Corporation,Radiology,2019
QyScore Software,Qynapse,Radiology,2019
Icobrain,Icometrix NV,Radiology,2019
NemoScan,Software Nemotec S.L.,Radiology,2019
Transpara,Screenpoint Medical B.V.,Radiology,2019
FFRangio,CathWorks Ltd,Cardiovascular,2019
PhantomMSK Trauma,OrthoGrid Systems Inc.,Radiology,2019
7D Surgical System Cranial Biopsy and Ventricular Catheter Placement Application,7D Surgical Inc.,Neurology,2019
HealthCXR,"Zebra Medical Vision, Ltd.",Radiology,2019
SOZO,ImpediMed Limited,Cardiovascular,2019
RSI-MRI+,MultiModal Imaging Services Corporation (dba HealthLytix),Radiology,2019
EchoGo Core,Ultromics Ltd,Radiology,2019
MEDIP PRO,"MEDICALIP Co., Ltd",Radiology,2019
KOALA,IB Lab GmbH,Radiology,2019
Cleerly Labs,Cleerly Inc,Radiology,2019
WellDoc BlueStar,"WellDoc, Inc.",General Hospital,2019
MIMOSA Imager,MIMOSA Diagnostics Inc,Cardiovascular,2019
Sight OLO,Sight Diagnostics Ltd.,Hematology,2019
"RTHawk, HeartVista Cardiac Package","HeartVista, Inc.",Radiology,2019
Merge PACS,Merge Healthcare Incorporated,Radiology,2019
Ventripoint Medical System Plus (VMS+) 3.0,"Ventripoint Diagnostics, Ltd.",Radiology,2019
ProFound AI Software V2.1,iCAD Inc.,Radiology,2019
CS-series-FP Radiographic / Fluoroscopic Systems with Optional CA-100S / FluoroShield (ROI Assembly),"Omega Medical Imaging, LLC",Radiology,2019
Syngo.Via RT Image Suite,"Siemens Medical Solutions USA, Inc.",Radiology,2019
SubtleMR,"Subtle Medical, Inc.",Radiology,2019
SIS Software Version 3.6.0,"Surgical Information Sciences, Inc.",Radiology,2019
PeraMobile and PeraWatch,"PeraHealth, Inc.",Cardiovascular,2019
BrainScope TBI,"BrainScope Company, Inc.",Neurology,2019
AI-Rad Companion (Cardiovascular),"Siemens Medical Solutions USA, Inc.",Radiology,2019
Myo Plus,Otto Bock Healthcare Products GmbH,Neurology,2019
D2P,"3D Systems, Inc.",Radiology,2019
Clarius Ultrasound Scanner,Clarius Mobile Health Corp.,Radiology,2019
"Zio XT ECG Monitoring System, Zio AT ECG Monitoring System","iRhythm Technologies, Inc.",Cardiovascular,2019
HeartFlow FFRct Analysis,"HeartFlow, Inc.",Cardiovascular,2019
Biovitals Analytics Engine,Biofourmis Singapore Pte. Ltd,Cardiovascular,2019
Critical Care Suite,"GE Medical Systems, LLC.",Radiology,2019
aBSI,EXINI Diagnostics AB,Radiology,2019
EyeBOX,"Oculogica, Inc.",Neurology,2019
ACR  LAB Urine Analysis Test System,Healthy.io Ltd,Clinical Chemistry,2019
AI-Rad Companion (Pulmonary),"Siemens Medical Solutions USA, Inc.",Radiology,2019
KIDScore D3,Vitrolife A/S,Obstetrics and Gynecology,2019
DreaMed Advisor Pro,DreaMed Diabetes Ltd,Clinical Chemistry,2019
iNtuition-Structural Heart Module,TeraRecon Inc.,Radiology,2019
DeepCT,Deep01 Limited,Radiology,2019
physIQ Heart Rhythm and Respiratory Module,"physIQ, Inc",Cardiovascular,2019
RayCare 2.3,RaySearch Laboratories AB (publ),Radiology,2019
Aquilion Precision (TSX-304A/1 and /2) V8.8 with AiCE,Canon Medical Systems Corporation,Radiology,2019
Koios DS for Breast,"Koios Medical, Inc.",Radiology,2019
LiverMultiScan (LMSv3),Perspectum Diagnostics Ltd,Radiology,2019
CLARUS,"Carl Zeiss Meditec, Inc",Ophthalmic,2019
RayStation,RaySearch Laboratories AB (publ),Radiology,2019
ClariCT.AI,ClariPI Inc.,Radiology,2019
HealthICH,Zebra Medical Vision Ltd.,Radiology,2019
Aquilion ONE (TSX-305A/6) V8.9 with AiCE,Canon Medical Systems Corporation,Radiology,2019
COMPLETE CONTROL System Gen2,"Coapt, LLC",Neurology,2019
"Acumen Hypotension Prediction Index  EV1000 Clinical Platform, Acumen Hypotension Prediction Index  HemoSphere Advanced Monitoring Platform, Acumen Hypotension Prediction Index  HemoSphere Advanced Monitoring Platform - Pressure","Edwards Lifeciences, LLC",Cardiovascular,2019
APAS Independence with Urine Analysis Module,Clever Culture Systems AG,Microbiology,2019
SurgicalAR,"MEDIVIS, Inc.",Radiology,2019
HealthPNX,Zebra Medical Vision  Ltd.,Radiology,2019
FluChip-8G Influenza A+B Assay,"InDevR, Inc.",Microbiology,2019
Lung Vision System,Body Vision Medical Ltd.,Radiology,2019
eMurmur ID,CSD Labs GmbH,Cardiovascular,2019
Deep Learning Image Reconstruction,"GE Medical Systems, LLC.",Radiology,2019
Bone VCAR (BVCAR),GE Medical Systems SCS,Radiology,2019
Loop System,"Spry Health, Inc.",Cardiovascular,2019
SIS Software version 3.3.0,"Surgical Information Sciences, Inc.",Radiology,2019
KardiaAI,"AliveCor, Inc.",Cardiovascular,2019
cmTriage,"CureMetrix, Inc",Radiology,2019
RhythmAnalytics,Biofourmis Singapore Pte. Ltd.,Cardiovascular,2019
RX-1 Rhythm Express Remote Cardiac Monitoring System,VivaQuant Inc.,Cardiovascular,2019
d-Nav System,"Hygieia, Inc",Anesthesiology,2019
AI Rad Companion (Engine),"Siemens Medical Solutions USA, Inc.",Radiology,2019
SIGNA Premier,"GE Medical Systems, LLC",Radiology,2019
Study Watch,Verily Life Sciences LLC,Cardiovascular,2019
MRCP+ v1.0,Perspectum Diagnostics Ltd,Radiology,2019
EyeBOX,"Oculogica, Inc.",Neurology,2018
AmCAD-UO,AmCad BioMed Corporation,Radiology,2018
Quantib ND,Quantib BV,Radiology,2018
iSchemaView RAPID,"iSchemaView, Inc.",Radiology,2018
vascuCAP,Elucid Bioimaging Inc.,Radiology,2018
Embrace,Empatica Srl,Neurology,2018
FFRangio System,CathWorks Ltd,Cardiovascular,2018
Centricity Universal Viewer,GE Healthcare,Radiology,2018
Cardio-TriTest v6.5,Cardio-Phoenix Inc.,Cardiovascular,2018
PowerLook Tomo Detection V2 Software,iCAD Inc.,Radiology,2018
AMRA Profiler,AMRA Medical AB,Radiology,2018
FFRct,"HeartFlow, Inc",Cardiovascular,2018
SubtlePET,"Subtle Medical, Inc.",Radiology,2018
FerriSmart Analysis System,Resonance Health Analysis Services Pty Ltd,Radiology,2018
Persyst 14 EEG Review and Analysis Software,Persyst Development Corporation,Neurology,2018
Transpara,ScreenPoint Medical BV,Radiology,2018
Vitrea CT Brain Perfusion,"Vital Images, Inc.",Radiology,2018
AI-ECG Platform,"Shenzhen Carewell Electronics., Ltd",Cardiovascular,2018
"LensHooke X1 Pro Semen Quality Analyzer, LensHooke X1 Semen Quality Analyzer","Bonraybio Co., Ltd.",Hematology,2018
icobrain,icometrix NV,Radiology,2018
Athelas One,Athelas Inc.,Hematology,2018
"NvisionVLE Imaging System, NvisionVLE Optical Probe, NvisionVLE Inflation System","NinePoint Medical, Inc.",Radiology,2018
Accipiolx,MaxQ-Al Ltd.,Radiology,2018
"Vivid E80, Vivid E90, Vivid E95","GE Medical Systems Ultrasound and Primary Care Diagnostics,",Radiology,2018
Arterys MICA,Arterys Inc.,Radiology,2018
Ziostation2,"Ziosoft, Inc.",Radiology,2018
Sense System with IBT Electrodes,"Infinite Biomedical Technologies, LLC",Neurology,2018
FibriCheck,Qompium nv,Cardiovascular,2018
RightEye Vision System,"RightEye, LLC",Neurology,2018
Volpara Imaging Software,Volpara Health Technologies Limited,Radiology,2018
"Zio AT ECG Monitoring System, ZEUS System","iRhythm Technologies, Inc.",Cardiovascular,2018
MATRx plus,Zephyr Sleep Technologies,Dental,2018
BriefCase,"Aidoc Medical, Ltd.",Radiology,2018
Quantitative Total Extensible Imaging (QTxI),"AIQ Solutions, Inc.",Radiology,2018
DIP/U.S. Urine Analysis Test System,Healthy.io Ltd,Clinical Chemistry,2018
Workflow Box,Mirada Medical Ltd.,Radiology,2018
Uscan,"EchoNous, Inc.",Radiology,2018
NuVasive Pulse System,"NuVasive, Incorporated",Neurology,2018
DenSeeMammo,Statlife,Radiology,2018
EchoMD Automated Ejection Fraction Software,"Bay Labs, Inc.",Radiology,2018
HealthCCS,Zebra Medical Vision Ltd.,Radiology,2018
DreaMed Advisor Pro,"DreaMed Diabetes, Ltd.",Clinical Chemistry,2018
LungQ Software,Thirona Corporation,Radiology,2018
TransEnterix Senhance Surgical System,"TransEnterix, Inc.",Gastroenterology-Urology,2018
OsteoDetect,"Imagen Technologies, Inc.",Radiology,2018
Ventripoint Medical System Plus (VMS+),"Ventripoint Diagnostics, Ltd.",Radiology,2018
Clarius Ultrasound Scanner,Clarius Mobile Health Corp.,Radiology,2018
Venue,"GE Medical Systems Ultrasound and Primary Care Diagnostics,",Radiology,2018
PeraServer and PeraTrend,"PeraHealth, Inc.",Cardiovascular,2018
Viz CTP,"Viz.ai, Inc.",Radiology,2018
SOZO,ImpediMed Limited,Cardiovascular,2018
IDx-DR,"IDx, LLC",Ophthalmic,2018
DR 800 with MUSICA Dynamic,Agfa HealthCare N.V.,Radiology,2018
Acumen Hypotension Prediction Index (HPI) Feature Software,Edwards Lifesciences LLC,Cardiovascular,2018
Tissue of Origin Test Kit-FFPE,"Cancer Genetics, Inc.",Clinical Tcxicology,2018
Quantib Brain,Quantib BV,Radiology,2018
iQMR,Medic Vision - Imaging Solutions Ltd,Radiology,2018
DM-Density,"Densitas, Inc.",Radiology,2018
ContaCT,"Viz.Al, Inc.",Radiology,2018
UNiD Spine Analyzer,Medicrea International,Radiology,2018
Arterys Oncology DL,Arterys Inc.,Radiology,2018
Illumeo System,"Philips Medical Systems Technologies, Ltd.",Radiology,2018
CEREC Ortho Software,Dentsply Sirona,Dental,2018
cNeuro cMRI,Combinostics Oy,Radiology,2018
WAVE Clinical Platform,"Excel Medical Electronics, LLC",Cardiovascular,2018
Radiomics App v1.0,Microsoft Corp.,Radiology,2017
SOZO,ImpediMed Limited,Cardiovascular,2017
"Rooti Rx ECG Event Recorder, Rooti Link APP Software",Rooti Labs Ltd.,Cardiovascular,2017
Infinitt PACS 7.0,"Infinitt Healthcare Co.,Ltd.",Radiology,2017
Quantra,"HOLOGIC, INC.",Radiology,2017
Peerbridge Cor(TM) System,Peerbridge Health INc.,Cardiovascular,2017
BladderScan Prime PLUS System,Verathon Incorporated,Radiology,2017
Clarius Ultrasound System,Clarius Mobile Health Corp.,Radiology,2017
NeuroQuant,"CorTechs Labs, Inc",Radiology,2017
SPECTRALMD DEEPVIEW WOUND IMAGING SYSTEM 2.0,"SPECTRALMD, INC.",Cardiovascular,2017
Advanced RBC Application,Cella Vision AB,Hematology,2017
QuantX,"Quantitative Insights, Inc",Radiology,2017
NEVISENSE,SCIBASE AB,General & Plastic Surgery,2017
CardioLogs ECG Analysis Platform,Cardiologs Technologies,Cardiovascular,2017
syngo Application Software,"Siemens Medical Solutions, USA, Inc.",Radiology,2017
SmartTarget,"SmartTarget, Ltd.",Radiology,2017
UNiD Spine Analyzer,MEDICREA INTERNATIONAL,Radiology,2017
Lung Vision,BODY VISION MEDICAL LTD.,Radiology,2017
MATRx plus,Zephyr Sleep Technologies,Anesthesiology,2017
AmCAD-UV,AmCad BioMed Corporation,Radiology,2017
23andMe Personal Genome Service (PGS) Genetic Health Risk Test for Hereditary Thrombophilia,"23andMe, Inc.",Immunology,2017
PowerLook® Tomo Detection Software,iCAD Inc,Radiology,2017
Reveal LINQ,"Medtronic, Inc.",Cardiovascular,2017
SIS Software,"Surgical Information Sciences, Inc.",Radiology,2017
Quantib Brain 1.2,Quantib BV,Radiology,2017
Arterys Cardio DL,ARTERYS INC.,Radiology,2017
ClearView cCAD,ClearView Diagnostics Inc.,Radiology,2016
CT CoPilot,"ZEPMED, LLC.",Radiology,2016
One Drop Blood Glucose Monitoring System,"AgaMatrix, Inc.",Clinical Chemistry,2016
Clarius Ultrasound System,Clarius Mobile Health Corp.,Radiology,2016
QVCAD System,"QView Medical, Inc.",Radiology,2016
Tyto Stethoscope,Tyto Care Ltd.,Cardiovascular,2016
Ahead 300,BRAINSCOPE COMPANY INC,Neurology,2016
PixelShine,ALGOMEDICA,Radiology,2016
ClearRead CT,"RIVERAIN TECHNOLOGIES, LLC",Radiology,2016
FFRct,"HEARTFLOW, INC.",Cardiovascular,2016
icobrain,Icometrix,Radiology,2016
Triton System,GAUSS SURGICAL INC.,General Hospital,2016
LVivo Software Application,"DIACARDIO, LTD.",Radiology,2016
Steth IO,"STRATOSCIENTIFIC, INC.",Cardiovascular,2016
Cydar EV,Cydar Ltd.,Radiology,2016
Quantib Brain 1,QUANTIB BV,Radiology,2016
Volpara Imaging Software,Matakina Technology LTD,Radiology,2016
Dario Blood Glucose Monitoring System,LabStyle Innovations Ltd.,Clinical Chemistry,2015
SnoreSounds,"APPIAN MEDICAL, INC.",Anesthesiology,2015
Personalized Physiology Analytics Engine software,"VGBio, Inc (DBA PhysIQ)",Cardiovascular,2015
Brainscope Ahead 200,"BRAINSCOPE COMPANY, INC.",Neurology,2015
EndoTool SubQ,MONARCH MEDICAL TECHNOLOGIES,Anesthesiology,2015
IRIS INTELLIGENT RETINAL IMAGING SYSTEM,"INTELLIGENT RETINAL IMAGING SYSTEMS, LLC",Radiology,2015
